A1,A2,A3,A4,A5,A6,A7,A8,A9,A10,Age_Mons,Sex,Ethnicity,Jaundice,Family_mem_with_ASD,Who completed the test,Class/ASD Traits
0,0,0,0,0,0,1,1,0,1,28,0,4,1,0,0,0
1,1,0,0,0,1,1,0,0,0,36,1,10,1,0,0,1
1,0,0,0,0,0,1,1,0,1,36,1,4,1,0,0,1
1,1,1,1,1,1,1,1,1,1,24,1,2,0,0,0,1
1,1,0,1,1,1,1,1,1,1,20,0,10,0,1,0,1
1,1,0,0,1,1,1,1,1,1,21,1,1,0,0,0,1
1,0,0,1,1,1,0,0,1,0,33,1,0,1,0,0,1
0,1,0,0,1,0,1,1,1,1,33,1,0,1,0,0,1
0,0,0,0,0,0,1,0,0,1,36,1,0,0,0,0,0
1,1,1,0,1,1,0,1,1,1,22,1,9,0,0,1,1
1,0,0,1,0,1,1,0,1,1,36,1,2,1,1,0,1
1,1,1,1,0,1,1,1,0,1,17,1,4,1,0,0,1
0,0,0,0,0,0,0,0,0,0,25,0,4,1,0,0,0
1,1,1,1,0,0,1,0,1,1,15,0,4,1,0,0,1
0,0,0,0,0,0,0,0,0,0,18,1,4,0,0,0,0
1,1,1,0,1,0,1,1,0,1,12,1,1,0,0,0,1
0,0,0,0,0,0,0,0,0,0,36,1,4,0,1,0,0
1,1,1,0,1,1,1,1,0,1,12,0,4,1,0,0,1
1,0,0,0,1,0,0,0,0,1,29,0,4,0,0,0,0
1,1,1,0,1,0,1,1,0,1,12,0,1,0,0,0,1
1,0,0,1,1,1,1,1,1,0,36,1,4,0,0,0,1
1,0,1,1,1,1,1,0,1,0,36,1,4,0,0,0,1
1,0,1,1,0,1,0,1,1,1,36,1,6,1,1,1,1
1,1,1,0,1,1,0,1,1,0,36,1,4,1,1,0,1
1,1,1,1,1,1,1,1,1,0,22,1,10,0,0,0,1
0,0,0,0,0,0,0,0,0,0,24,0,4,0,0,0,0
1,1,0,1,1,1,1,1,0,1,36,1,4,0,0,0,1
1,1,1,1,1,1,1,1,1,1,35,1,7,1,0,0,1
0,0,1,1,1,0,1,1,1,1,36,1,4,0,1,0,1
0,0,0,0,0,0,0,0,0,0,32,1,4,1,0,0,0
0,0,0,0,0,0,0,0,0,0,18,0,4,0,0,0,0
0,0,0,0,0,0,0,0,0,0,12,0,4,0,0,0,0
0,0,0,0,0,0,0,0,0,1,15,0,4,0,0,1,0
0,0,0,0,0,0,0,0,0,1,12,0,4,0,0,0,0
1,1,1,1,1,1,1,1,1,1,15,0,4,0,0,0,1
0,0,0,0,0,0,0,0,0,1,15,0,4,0,0,0,0
0,0,0,0,0,0,0,0,0,0,15,0,4,0,0,0,0
0,0,0,0,0,0,0,0,0,0,15,0,1,0,0,0,0
0,0,0,0,0,0,1,0,0,1,19,1,0,0,0,0,0
0,0,0,0,0,0,0,0,0,1,18,1,4,1,0,0,0
0,0,0,0,0,0,0,0,0,1,12,0,10,0,0,0,0
0,0,0,0,0,0,0,0,0,1,14,0,10,0,0,0,0
0,0,0,0,0,0,0,0,0,1,14,0,4,0,0,3,0
0,0,0,0,0,0,0,0,0,1,12,1,4,0,0,0,0
1,1,1,1,1,1,1,1,1,1,12,0,4,0,0,0,1
0,0,0,0,0,0,0,0,0,1,12,0,1,0,0,0,0
0,0,1,1,0,1,1,0,1,1,36,0,10,0,0,0,1
1,0,0,0,0,1,1,0,1,1,32,0,9,0,0,0,1
0,0,0,1,1,1,1,1,1,0,25,1,0,0,0,0,1
0,0,0,0,0,0,0,1,0,1,15,0,10,0,0,0,0
0,0,0,0,0,0,0,0,0,1,13,0,4,0,0,0,0
1,1,0,0,1,1,1,1,1,1,36,1,10,1,0,0,1
0,0,1,1,1,1,1,0,0,0,30,1,10,0,0,0,1
0,0,1,1,0,0,0,0,1,0,36,1,4,1,1,0,0
1,1,1,1,1,1,1,0,1,1,12,0,10,0,1,0,1
0,0,0,0,1,0,1,1,0,1,36,0,4,1,0,0,1
0,0,0,0,0,0,0,1,0,0,29,1,10,0,1,0,0
1,0,1,0,0,0,0,0,0,0,23,1,9,0,1,0,0
1,0,1,1,1,1,1,0,1,1,18,0,0,1,1,0,1
1,1,0,0,1,1,1,1,0,0,34,1,7,0,0,0,1
0,0,1,1,1,1,1,0,1,1,34,1,0,0,0,0,1
1,1,1,1,1,1,1,1,1,1,21,0,10,0,0,0,1
0,0,0,0,0,0,0,1,0,0,30,1,4,0,0,0,0
1,1,0,0,1,0,1,0,0,0,26,1,0,0,0,0,1
1,0,0,1,1,1,1,1,1,0,19,1,4,0,0,0,1
0,0,0,0,0,0,0,0,0,0,36,1,0,0,0,0,0
1,0,0,0,0,0,0,1,0,1,30,1,4,0,0,1,0
0,1,0,0,0,0,0,0,0,1,30,1,4,0,0,0,0
1,0,1,1,0,1,1,1,1,0,29,1,0,0,0,0,1
1,1,0,1,1,1,1,1,0,1,36,0,10,1,0,0,1
1,0,1,1,0,1,1,1,1,0,30,1,0,0,0,0,1
1,1,0,1,0,1,1,0,0,1,30,1,4,0,0,0,1
0,0,0,1,1,1,0,0,1,1,23,1,10,1,1,0,1
0,0,0,0,0,0,0,0,0,0,22,1,4,1,1,0,0
0,0,0,1,0,0,1,0,0,1,20,1,4,0,0,0,0
1,0,0,0,1,0,1,0,1,0,34,1,0,0,0,0,1
1,1,1,1,1,1,1,1,1,0,34,1,0,0,0,0,1
0,0,0,0,0,0,0,0,0,1,34,1,0,0,0,0,0
1,0,0,0,0,0,1,0,0,1,34,1,0,0,0,0,0
1,1,0,0,1,1,1,1,1,0,32,1,0,0,0,0,1
0,0,0,0,0,0,0,1,0,0,36,0,7,1,1,0,0
0,0,0,1,0,0,1,1,1,1,33,1,0,0,0,0,1
0,1,0,0,0,0,0,0,0,1,12,0,4,0,0,0,0
1,0,1,1,1,1,1,0,1,1,24,0,0,0,0,0,1
1,0,0,0,1,0,1,1,1,1,34,1,0,0,0,0,1
0,0,0,0,0,0,0,0,0,1,31,0,7,0,0,0,0
0,0,1,1,0,0,0,0,0,0,24,1,4,0,0,0,0
0,0,0,0,0,1,1,1,0,1,31,0,4,0,1,0,1
1,0,0,1,0,1,1,0,0,1,31,0,4,1,0,0,1
1,1,0,0,0,0,0,1,1,0,36,1,4,0,0,0,1
1,1,0,0,0,1,0,0,0,1,31,0,4,1,0,0,1
1,1,1,1,1,1,1,1,1,0,25,1,4,0,0,0,1
0,0,0,0,0,0,0,0,0,1,23,0,4,1,0,0,0
1,1,0,0,1,1,0,1,0,1,24,1,4,0,0,0,1
1,1,0,0,1,1,1,1,0,1,36,0,4,0,0,0,1
0,0,0,0,0,0,0,0,0,1,36,0,4,0,0,0,0
0,0,0,0,1,0,1,0,0,0,12,1,4,0,0,0,0
0,1,0,0,0,0,1,1,0,1,36,1,9,0,0,0,1
0,0,0,0,0,0,1,1,0,0,32,1,0,0,0,0,0
1,1,0,0,1,1,1,0,1,1,30,1,10,1,1,0,1
0,0,1,1,1,1,1,1,1,1,32,1,0,0,0,0,1
0,0,1,1,0,0,1,0,0,1,32,1,0,0,0,0,1
1,1,1,1,1,1,1,1,1,1,29,1,10,0,0,0,1
1,1,0,0,0,1,0,0,0,0,28,1,4,0,0,0,0
1,1,0,1,1,1,0,0,0,1,18,1,2,1,1,0,1
0,1,0,1,1,0,1,0,0,1,27,1,0,0,0,0,1
0,1,0,0,0,1,1,1,0,1,27,0,10,0,1,0,1
0,0,0,0,0,0,0,1,0,0,26,0,10,1,0,0,0
0,0,0,0,0,1,0,0,0,0,25,0,0,0,0,0,0
1,1,0,1,1,1,1,0,1,1,19,1,10,0,0,0,1
1,0,0,0,1,0,1,1,1,1,36,1,0,0,0,0,1
0,0,0,0,0,0,0,0,0,1,25,0,10,0,0,0,0
0,0,0,0,0,0,0,0,0,1,36,1,4,0,0,0,0
0,0,1,1,1,1,1,0,0,1,17,0,10,1,0,0,1
1,1,0,1,1,1,1,0,0,1,36,1,4,0,0,0,1
1,1,1,0,1,1,1,0,0,1,36,0,0,0,0,0,1
1,0,1,1,1,0,0,1,1,1,20,1,0,0,0,0,1
0,0,0,0,0,0,0,0,0,0,33,0,9,1,0,0,0
1,0,0,0,1,0,0,0,0,0,33,0,9,1,0,0,0
1,1,0,0,1,0,0,1,0,0,33,0,9,1,1,0,1
0,0,0,0,1,0,0,0,0,0,34,0,9,1,0,0,0
1,1,1,1,1,1,1,1,1,1,24,1,4,1,0,0,1
0,0,1,1,1,0,0,0,1,0,36,1,0,1,0,0,1
1,1,1,1,1,1,1,1,1,0,35,1,9,0,0,0,1
1,1,0,0,0,0,0,1,1,0,26,0,0,1,0,0,1
1,1,1,1,1,1,1,1,1,0,23,1,9,0,0,0,1
1,1,0,1,1,0,1,0,1,1,24,1,4,0,0,0,1
1,1,0,0,0,1,0,1,0,1,36,0,10,0,0,0,1
0,1,0,0,0,0,1,0,0,1,36,0,0,0,0,0,0
0,0,0,0,1,1,1,0,0,0,26,0,4,1,0,0,0
1,1,1,1,1,1,1,1,1,0,23,1,0,0,0,0,1
1,1,0,1,1,1,0,1,1,0,23,1,0,0,0,0,1
0,0,0,0,0,0,0,0,0,1,12,1,0,0,0,0,0
0,0,0,0,0,0,1,0,0,0,30,0,3,0,1,0,0
1,0,0,0,0,0,0,1,0,0,19,1,10,0,0,0,0
0,0,0,0,0,0,0,1,0,1,36,0,0,0,0,1,0
0,1,0,1,0,0,1,0,0,1,33,1,0,0,0,0,1
0,0,0,1,0,0,1,0,0,1,33,1,0,0,0,0,0
1,1,1,1,1,1,1,1,1,0,26,1,10,0,0,0,1
1,1,0,1,0,0,1,0,0,1,33,1,0,0,0,0,1
1,1,0,1,1,1,1,1,1,1,36,1,4,0,0,0,1
1,1,1,1,1,1,1,0,1,1,24,0,10,0,1,0,1
0,0,1,1,1,1,0,1,1,0,28,1,4,0,0,0,1
0,1,1,1,0,1,0,1,0,1,36,1,0,0,0,0,1
0,1,1,1,0,1,1,1,1,1,30,1,0,0,0,0,1
0,1,0,1,1,1,1,1,1,1,23,1,10,0,0,0,1
1,0,1,1,1,1,0,0,1,0,12,1,10,1,0,0,1
1,1,1,1,1,1,1,0,1,1,29,1,10,1,0,0,1
0,0,0,0,1,1,1,0,0,0,22,1,10,0,1,0,0
0,0,0,0,0,0,1,0,0,0,12,1,0,0,0,1,0
0,0,0,0,0,0,0,0,0,1,36,0,7,0,1,0,0
0,0,0,0,0,0,1,0,0,0,30,0,10,1,1,0,0
0,0,0,0,0,0,0,0,0,0,30,0,3,0,1,0,0
0,0,0,0,0,0,0,0,0,0,36,1,5,0,0,0,0
0,0,0,1,1,1,0,0,0,0,19,0,5,0,0,0,0
0,1,1,1,1,0,1,0,1,1,23,1,4,0,0,0,1
0,0,0,0,0,0,0,0,0,1,12,1,4,0,1,0,0
0,1,0,0,0,0,0,0,0,1,36,0,10,1,1,0,0
1,0,0,0,1,1,0,1,0,1,33,1,0,0,1,0,1
0,0,1,0,1,0,0,0,0,1,33,1,0,0,1,0,0
0,0,1,0,0,1,0,0,0,0,33,1,0,0,1,0,0
1,0,1,0,0,1,0,0,0,0,33,1,0,0,1,0,0
0,1,0,1,0,1,1,1,0,0,12,0,10,0,0,0,1
0,0,0,1,0,0,0,0,0,0,30,1,9,1,0,0,0
1,0,0,0,0,1,0,0,1,0,33,1,0,0,1,0,0
1,0,1,1,0,0,0,0,0,0,30,1,9,1,0,0,0
1,0,1,1,1,1,1,1,1,1,35,1,0,0,0,0,1
0,0,0,0,1,0,1,0,1,1,12,0,10,1,0,0,1
1,0,1,1,1,1,1,1,1,1,30,1,0,1,0,0,1
1,1,0,0,0,0,0,0,0,1,32,1,10,0,1,0,0
0,1,0,0,0,0,0,0,0,1,31,1,10,1,0,0,0
1,1,0,0,0,0,0,0,0,1,31,1,10,1,0,0,0
1,0,0,0,1,1,1,0,0,1,24,1,10,0,1,0,1
0,0,0,0,0,0,1,1,0,1,27,0,9,0,0,0,0
1,1,0,0,0,0,1,0,0,1,27,0,9,0,0,0,1
0,0,0,1,0,0,0,0,0,0,36,1,4,0,0,1,0
1,0,0,1,0,1,0,0,0,0,36,1,4,0,0,1,0
1,1,1,1,0,1,1,0,1,1,36,0,0,1,0,0,1
1,1,0,1,0,1,1,0,1,0,36,0,0,1,0,0,1
1,1,0,0,0,1,1,1,1,1,20,1,4,0,0,0,1
1,0,1,1,1,1,1,0,1,1,20,1,0,0,0,0,1
0,1,1,0,1,0,1,0,0,1,35,1,4,0,1,0,1
1,1,1,1,1,1,1,1,0,1,36,0,0,0,0,0,1
1,1,1,1,0,1,1,1,1,1,30,0,1,0,0,0,1
1,0,1,1,1,1,1,0,0,1,30,0,1,0,0,0,1
1,0,0,0,0,0,1,1,0,1,34,1,10,1,1,0,1
1,1,1,1,0,1,1,1,0,0,36,1,3,1,0,0,1
1,1,0,0,0,0,1,0,0,1,15,1,4,1,0,0,1
1,1,1,1,1,1,1,0,1,1,36,1,10,0,1,0,1
0,0,0,1,1,1,1,1,0,0,36,1,10,0,0,0,1
0,1,0,1,0,1,0,0,0,0,15,1,4,1,0,0,0
0,0,0,0,1,0,0,0,0,1,36,1,9,0,0,0,0
0,1,1,1,0,0,0,0,0,0,30,1,0,0,0,0,0
1,1,0,0,1,1,1,1,1,0,36,1,0,0,0,0,1
0,1,0,0,1,1,1,1,1,1,36,0,4,0,0,0,1
1,1,1,1,1,1,1,1,1,1,16,0,10,1,0,0,1
0,0,0,0,0,0,1,1,1,1,25,1,2,0,0,0,1
0,0,0,1,0,0,0,1,0,1,35,1,4,0,0,0,0
0,0,0,0,0,1,0,0,1,1,13,0,4,0,0,0,0
1,1,1,1,1,1,1,0,1,1,25,0,10,0,1,0,1
0,1,0,1,1,1,1,1,0,1,22,1,1,0,0,0,1
0,1,1,1,1,1,1,1,0,1,23,1,1,0,0,0,1
1,1,1,1,0,0,1,0,1,0,36,0,10,0,0,0,1
0,0,0,0,0,0,0,0,0,1,28,1,4,0,0,0,0
1,1,0,0,0,0,0,1,0,1,36,1,10,0,0,0,1
1,1,1,1,1,1,1,1,1,0,21,1,4,1,0,0,1
1,1,1,1,1,1,1,1,0,1,22,1,1,0,0,0,1
0,0,0,0,1,0,1,1,0,1,30,0,0,0,1,0,1
1,1,0,1,0,0,1,1,1,1,13,1,1,1,1,0,1
1,0,0,1,1,0,1,1,1,1,20,0,4,0,0,0,1
1,1,0,1,1,1,1,1,1,1,22,0,0,0,0,0,1
1,0,0,0,1,1,1,0,1,0,33,1,0,0,0,1,1
1,0,0,0,0,1,1,0,1,1,33,1,0,0,0,0,1
1,0,1,1,1,1,1,1,1,1,36,1,0,0,0,0,1
1,1,1,1,1,1,1,1,1,1,20,1,4,0,1,0,1
0,1,0,1,1,0,0,0,1,0,36,1,0,1,0,0,1
0,0,0,1,1,1,1,1,0,1,36,1,0,1,0,0,1
0,0,0,0,0,0,1,0,0,1,12,0,10,0,0,0,0
1,1,1,1,0,0,1,1,0,1,36,1,0,0,0,0,1
0,0,0,0,0,0,0,0,0,0,31,1,10,1,0,0,0
1,0,0,0,1,1,1,1,0,0,31,1,10,1,0,0,1
0,0,0,0,0,1,1,1,0,0,31,1,10,1,0,0,0
0,1,1,1,1,1,0,1,1,0,19,0,4,0,0,0,1
1,0,1,1,1,1,0,1,1,0,19,0,4,0,0,0,1
0,0,0,0,0,0,0,0,0,1,19,0,4,0,0,0,0
1,1,1,0,1,1,0,0,1,0,24,1,10,1,0,0,1
0,1,1,1,1,0,1,1,1,1,28,1,9,1,0,0,1
1,0,0,1,1,1,0,0,1,1,36,1,0,0,0,0,1
1,1,1,0,0,1,1,1,1,1,28,1,4,0,1,0,1
1,1,1,1,1,1,1,1,1,1,18,1,10,1,0,0,1
0,0,0,0,1,1,0,0,0,0,26,1,0,0,0,0,0
1,1,0,1,1,1,1,1,1,1,36,1,1,0,1,1,1
0,0,0,0,1,0,1,1,1,0,23,0,0,0,0,0,1
0,0,0,1,1,1,1,1,1,1,36,1,10,0,0,0,1
1,1,1,1,1,1,1,1,0,0,36,1,0,0,0,0,1
1,1,1,1,1,1,1,1,0,1,31,1,10,0,0,0,1
1,0,1,1,1,0,1,1,1,1,35,1,10,0,1,0,1
0,1,0,0,0,0,0,1,0,0,36,1,4,0,0,0,0
1,1,0,0,1,1,1,0,1,1,23,1,10,1,0,0,1
1,0,0,0,0,1,1,0,0,0,27,1,10,1,1,0,0
1,1,1,0,0,1,1,0,1,1,33,0,5,0,0,0,1
1,1,1,1,1,1,1,1,1,0,36,1,10,1,1,0,1
1,0,1,1,0,1,0,0,1,0,30,0,4,0,0,0,1
1,0,1,1,0,1,0,0,0,0,30,1,4,0,0,0,1
0,0,0,0,0,0,0,0,0,0,24,1,4,0,0,0,0
0,0,1,1,1,1,1,1,1,0,16,0,0,0,0,0,1
0,0,0,0,1,1,1,0,0,0,36,1,0,1,0,0,0
0,1,0,0,1,1,1,1,0,1,36,1,0,0,0,0,1
0,0,0,1,1,1,1,1,0,0,36,1,3,0,0,0,1
1,0,1,1,0,1,1,1,1,1,30,1,10,0,0,0,1
1,1,0,1,0,0,1,0,0,1,29,1,1,0,0,0,1
1,0,1,0,0,1,0,0,0,0,36,1,0,0,1,0,0
1,1,0,1,1,1,1,0,1,1,32,1,0,1,0,0,1
1,1,0,0,0,1,1,0,1,0,32,1,0,0,0,0,1
0,1,0,1,1,1,1,1,1,0,36,1,4,0,0,0,1
0,1,0,1,1,1,0,1,1,1,36,1,4,0,0,0,1
0,0,0,0,0,0,0,0,0,1,25,1,10,1,0,0,0
1,1,1,1,1,1,1,1,1,0,12,1,10,1,0,0,1
1,1,1,1,1,1,1,1,1,1,28,1,10,0,0,0,1
1,1,1,1,1,1,1,1,1,0,27,1,10,0,0,0,1
1,1,0,1,1,1,1,0,0,1,15,0,10,1,0,0,1
1,1,1,1,1,1,1,0,1,1,36,0,10,1,0,0,1
1,1,0,0,1,1,1,1,1,1,28,1,10,0,0,0,1
1,1,0,0,0,0,0,0,0,1,24,0,2,0,0,0,0
0,0,0,0,1,1,1,0,0,1,31,1,2,1,0,0,1
0,0,1,1,1,1,1,0,1,1,23,1,9,0,1,0,1
1,1,0,0,0,0,1,0,1,0,36,1,10,1,0,0,1
1,1,0,0,0,1,1,0,0,1,26,1,10,1,0,0,1
0,0,0,0,0,0,1,0,0,0,36,0,0,0,0,0,0
1,0,0,1,1,0,1,0,1,1,20,1,4,0,0,0,1
0,0,0,1,0,1,1,0,1,0,20,1,4,0,0,0,1
1,1,0,0,0,1,1,1,1,0,31,0,0,1,0,0,1
0,1,0,0,1,1,1,0,0,1,12,0,2,1,1,0,1
0,0,0,0,0,0,0,0,0,0,32,1,10,1,0,0,0
1,0,0,0,1,0,0,0,0,1,33,1,10,0,0,0,0
1,1,1,1,0,1,1,1,1,0,36,1,4,1,1,0,1
1,1,1,1,1,1,1,0,1,1,17,1,2,1,1,0,1
1,1,1,1,0,1,1,1,0,1,24,0,2,0,1,0,1
1,1,0,1,1,0,1,1,1,1,18,0,10,0,0,0,1
1,0,1,1,1,1,1,1,1,1,26,1,7,0,1,0,1
1,1,0,1,1,0,1,1,1,0,23,1,0,0,0,0,1
1,1,1,1,1,1,1,0,1,0,21,1,0,0,0,0,1
1,0,1,1,0,1,1,1,1,0,36,1,10,0,0,0,1
0,0,0,0,0,0,0,1,0,0,36,1,0,0,0,0,0
0,0,0,0,1,1,1,0,1,1,33,1,10,1,0,0,1
1,1,1,1,1,1,1,1,1,1,33,1,0,1,0,0,1
1,1,0,0,1,1,1,0,0,0,36,1,10,0,0,0,1
1,1,1,0,1,0,0,0,1,0,36,1,9,1,1,1,1
0,0,0,0,1,1,1,1,1,1,36,1,10,0,0,0,1
1,0,0,0,1,1,1,0,1,0,32,0,0,1,0,0,1
1,1,1,1,1,1,1,1,1,1,26,1,0,0,0,0,1
0,0,0,0,0,0,0,0,0,0,36,0,0,0,0,0,0
0,0,1,0,1,1,1,1,1,0,26,1,0,0,0,0,1
0,0,1,0,1,0,1,1,1,1,26,1,0,0,0,0,1
0,0,1,1,1,1,1,0,1,1,14,1,10,1,0,0,1
0,1,0,1,0,1,1,1,1,1,16,1,4,1,1,0,1
1,1,0,1,0,0,0,1,0,1,28,1,10,1,0,0,1
0,0,0,0,0,0,0,0,0,0,24,1,0,0,0,0,0
0,0,0,0,0,0,0,0,0,0,21,1,0,0,1,0,0
0,1,0,0,1,1,1,0,1,0,30,1,0,0,0,0,1
1,1,1,1,1,1,1,1,1,1,12,0,0,0,0,0,1
1,1,1,1,1,1,1,1,1,1,32,1,10,1,0,0,1
1,1,0,0,1,0,1,0,0,0,31,1,10,1,0,0,1
1,1,0,0,0,1,1,0,1,0,23,1,10,1,0,0,1
1,0,0,1,0,1,0,0,0,0,29,0,4,0,0,0,0
0,1,1,1,1,1,0,1,1,0,12,1,1,1,0,0,1
0,0,0,0,0,0,0,0,0,1,13,0,2,0,0,0,0
1,0,1,1,1,0,1,0,0,0,23,1,0,0,0,0,1
0,0,1,1,1,1,1,1,1,0,36,1,0,0,0,0,1
1,1,1,1,1,0,0,0,0,1,36,0,10,1,0,0,1
0,1,1,1,1,0,1,0,1,0,26,1,0,0,0,0,1
1,0,0,0,0,1,1,1,0,1,36,0,10,1,0,0,1
0,1,1,1,0,0,0,1,0,0,36,1,0,0,0,0,1
0,1,0,1,0,0,0,0,0,0,36,1,0,0,0,0,0
0,0,0,1,0,0,0,1,0,0,36,1,0,0,0,0,0
0,0,0,1,0,0,0,0,0,0,36,1,0,0,0,0,0
1,1,1,1,1,1,1,1,1,1,33,1,10,0,1,0,1
1,0,1,1,1,1,1,1,1,1,36,1,3,0,0,0,1
1,1,1,1,1,1,1,1,1,1,28,1,10,1,0,0,1
1,1,0,0,1,1,0,1,1,1,36,0,10,0,0,0,1
1,1,1,1,1,0,1,1,1,1,12,1,0,0,0,0,1
0,1,0,0,1,1,1,1,1,0,36,1,0,0,0,0,1
0,0,0,0,1,1,1,1,1,1,36,1,0,0,0,0,1
1,1,0,0,1,0,1,1,0,0,36,1,1,1,0,0,1
1,1,0,0,1,0,1,1,1,0,36,1,9,0,0,0,1
0,1,0,0,0,1,1,0,1,0,36,1,0,1,0,0,1
0,0,0,0,0,0,0,0,0,1,13,0,4,1,0,0,0
1,0,1,1,1,1,0,1,0,0,34,1,0,0,0,0,1
0,0,1,1,0,0,0,0,0,0,36,1,0,0,0,0,0
1,1,1,1,1,1,1,1,0,0,24,1,1,1,1,1,1
1,1,0,0,1,1,1,0,1,1,14,1,0,0,0,0,1
1,1,0,1,1,1,1,0,1,0,14,1,0,0,0,0,1
1,1,1,1,1,1,1,1,1,1,36,1,10,0,0,1,1
0,0,0,0,0,0,0,0,0,0,19,0,0,0,1,0,0
0,0,0,1,1,1,1,0,0,0,34,1,1,1,0,0,1
1,1,1,0,1,1,1,1,1,0,36,1,0,0,0,0,1
1,0,1,1,1,0,0,0,1,0,32,0,2,0,1,0,1
1,1,0,0,1,1,1,1,0,1,36,1,0,0,0,1,1
1,1,1,1,1,1,1,1,0,1,36,1,3,1,0,0,1
1,1,1,1,1,1,0,1,1,1,36,1,0,0,0,0,1
1,1,0,0,0,1,1,1,1,1,36,0,0,1,0,0,1
1,1,0,1,0,1,1,0,0,1,27,0,9,0,0,0,1
1,1,1,1,1,1,1,1,1,1,36,1,9,0,0,0,1
1,1,1,1,0,1,1,0,1,0,17,0,10,0,0,0,1
0,0,1,1,1,0,1,0,1,0,35,1,4,1,0,0,1
0,0,1,1,1,1,0,0,1,0,30,1,0,0,0,0,1
0,0,0,0,0,1,0,0,0,1,33,1,0,0,0,0,0
0,0,0,1,1,0,1,0,0,1,30,1,0,0,0,1,1
1,1,1,1,0,1,1,1,0,1,36,0,4,0,0,0,1
1,0,0,1,1,1,1,0,1,0,30,1,0,0,0,0,1
0,0,0,1,0,0,1,0,1,1,30,1,0,0,0,0,1
1,0,0,0,0,0,1,0,0,1,30,0,9,0,0,0,0
1,0,0,0,0,1,1,0,0,1,30,1,2,0,0,0,1
1,1,1,1,0,1,1,1,1,0,24,1,1,1,0,0,1
0,0,0,0,0,0,0,0,0,0,36,1,10,0,0,0,0
0,0,0,0,0,1,0,0,0,0,36,1,10,0,0,0,0
0,0,0,0,0,1,1,0,0,1,28,0,4,0,0,0,0
0,0,0,1,0,1,1,0,0,1,28,0,4,0,0,0,1
1,1,0,0,1,1,0,1,1,1,26,1,10,1,1,0,1
0,0,1,1,0,0,0,1,0,1,36,1,0,0,0,0,1
0,0,0,0,1,0,1,0,0,1,36,1,0,1,0,0,0
1,0,0,0,0,1,0,1,0,0,25,1,10,0,0,0,0
1,1,1,1,1,0,1,1,1,1,32,1,0,0,0,0,1
1,1,0,0,0,0,1,1,0,1,36,1,0,0,0,0,1
1,1,0,1,1,1,1,0,0,1,36,1,0,0,0,0,1
0,0,0,0,0,1,1,1,0,1,36,1,3,0,0,0,1
1,1,0,1,1,1,1,1,1,1,36,1,10,0,1,0,1
0,0,0,0,0,0,0,0,0,0,36,0,10,0,1,0,0
0,1,1,0,0,1,0,0,1,1,20,1,1,0,1,0,1
1,0,0,0,1,1,0,1,0,1,26,1,10,0,0,0,1
0,0,0,0,1,1,1,0,0,1,32,1,10,1,0,0,1
1,0,0,1,1,1,1,0,1,1,24,0,9,0,0,0,1
1,1,1,1,1,1,1,1,0,1,35,1,10,0,1,0,1
0,1,0,0,0,0,0,0,0,1,13,1,4,0,0,0,0
1,1,0,1,1,1,1,0,1,0,24,0,9,0,0,0,1
1,1,1,1,1,1,0,1,1,1,24,0,9,0,0,0,1
0,0,0,0,0,0,0,0,0,0,30,1,10,0,0,0,0
1,0,1,0,1,1,0,1,1,0,36,1,0,0,0,0,1
0,0,0,1,0,0,1,1,0,1,33,1,10,1,0,0,1
1,1,1,1,1,1,1,0,1,0,36,1,9,0,0,0,1
0,0,0,0,1,1,1,1,0,0,29,1,7,0,0,0,1
1,1,1,0,0,1,1,0,0,1,36,1,10,0,0,0,1
0,1,0,0,0,0,0,0,0,1,33,1,0,0,0,0,0
1,1,0,0,0,0,0,1,0,1,33,1,0,0,0,1,1
0,0,0,0,0,0,0,0,0,1,27,1,10,0,0,0,0
0,1,1,1,1,1,1,0,1,1,12,1,0,0,1,0,1
1,0,0,0,1,1,1,1,0,0,30,0,0,0,0,0,1
0,0,0,0,0,0,1,1,1,0,34,0,0,0,0,0,0
1,1,0,0,1,1,1,1,1,1,36,1,7,1,0,0,1
0,0,0,1,0,1,1,1,1,0,30,1,0,0,0,0,1
0,0,1,0,1,0,0,1,0,0,36,1,0,0,0,0,0
0,0,0,1,1,0,0,1,0,0,36,1,0,0,0,0,0
1,1,0,1,0,0,1,1,1,1,15,1,10,0,0,0,1
1,1,1,1,0,1,1,0,1,0,18,0,10,0,0,0,1
1,0,0,0,0,1,1,1,0,1,36,1,0,0,0,0,1
1,0,0,0,0,0,1,0,1,1,12,1,0,0,0,0,1
0,0,1,1,0,0,1,0,1,0,26,1,9,1,0,0,1
0,0,0,0,0,0,1,0,0,1,12,1,9,1,0,0,0
1,1,0,1,1,1,1,1,1,1,36,1,10,0,0,0,1
0,1,0,0,0,0,1,0,0,0,35,0,0,1,0,0,0
1,1,1,1,0,1,1,1,1,1,36,1,4,0,0,0,1
1,1,1,1,0,1,0,1,1,1,36,1,10,0,0,0,1
1,0,0,0,0,0,1,1,1,1,36,0,0,0,0,0,1
1,0,0,0,0,0,1,0,0,1,36,1,0,0,0,0,0
1,1,0,0,0,1,0,0,1,0,30,1,9,1,0,0,1
0,0,1,1,0,0,1,1,0,1,25,1,0,0,0,0,1
1,1,0,1,0,1,1,0,0,1,14,0,10,0,0,0,1
1,1,0,1,0,1,1,0,1,1,14,0,10,0,0,0,1
1,1,0,1,0,1,1,0,1,1,26,0,10,0,0,0,1
1,1,0,0,1,1,1,1,1,1,36,0,7,1,0,0,1
1,0,0,0,1,0,1,1,1,1,35,0,0,0,1,0,1
1,1,0,1,1,0,1,0,0,0,28,1,4,0,1,0,1
1,1,0,1,1,1,1,0,0,0,28,1,4,0,1,0,1
1,0,0,0,1,0,1,0,0,0,36,1,10,0,0,0,0
1,1,1,1,1,1,1,1,1,1,12,1,8,0,0,0,1
1,1,0,0,1,1,1,0,0,1,36,1,10,1,0,0,1
1,0,1,1,1,1,0,1,1,0,19,1,0,0,0,0,1
0,0,1,1,1,1,1,1,1,1,24,0,10,0,0,0,1
1,0,0,0,1,1,1,0,0,0,30,0,0,1,0,0,1
1,1,0,0,1,1,1,0,1,1,32,1,0,1,1,0,1
1,0,0,1,1,1,1,1,1,1,35,1,0,0,0,0,1
0,0,0,0,0,0,0,0,0,0,35,1,0,0,0,0,0
1,0,1,1,1,1,0,1,1,1,29,1,4,0,0,0,1
1,0,1,0,0,1,0,1,0,0,36,1,0,0,1,0,1
1,0,0,0,0,1,0,0,0,0,36,1,0,0,1,0,0
0,0,0,1,0,0,1,0,1,1,15,0,4,1,0,0,1
0,0,0,0,0,0,0,0,1,0,15,0,4,1,0,0,0
0,1,0,0,0,0,1,0,0,0,36,1,4,0,1,0,0
1,1,1,1,1,1,1,0,1,0,19,1,0,0,0,0,1
0,0,1,0,0,1,1,1,1,1,24,1,2,0,1,0,1
1,1,0,1,1,1,1,0,0,1,36,1,2,0,1,0,1
0,0,1,1,1,0,1,1,1,1,13,1,10,1,1,0,1
0,0,0,0,0,0,1,0,0,1,25,1,0,0,0,0,0
1,1,1,1,1,1,1,1,1,1,13,1,10,1,1,0,1
1,1,0,1,1,0,1,0,0,1,36,1,10,0,0,2,1
1,1,0,1,0,0,1,0,0,0,36,1,10,0,0,0,1
1,1,1,1,0,1,1,1,1,1,36,0,10,1,0,0,1
1,0,0,0,0,0,0,0,0,0,36,1,0,0,1,0,0
1,0,1,1,0,0,0,0,0,0,36,1,0,0,1,0,0
0,0,1,1,0,1,0,0,1,0,17,1,0,0,0,0,1
0,0,1,1,0,0,0,0,0,0,17,1,0,0,0,0,0
1,0,1,1,1,1,1,1,1,1,22,0,10,0,0,0,1
0,0,1,1,1,0,1,1,0,0,20,1,10,1,0,0,1
1,1,0,0,0,1,0,0,0,1,36,1,10,1,0,1,1
0,0,0,0,0,0,0,0,0,0,15,0,4,1,0,0,0
1,1,1,1,1,1,1,1,1,0,36,0,9,1,0,0,1
1,0,0,0,1,1,1,1,1,1,30,0,0,1,0,0,1
1,0,0,0,0,1,1,1,1,1,30,0,0,0,0,0,1
1,1,1,1,1,1,1,0,1,1,28,1,4,0,0,0,1
1,1,0,1,0,1,1,1,1,0,26,1,2,0,1,0,1
1,1,1,1,1,1,0,0,1,1,28,1,8,0,0,0,1
1,1,1,1,1,1,1,0,1,1,36,0,7,0,0,3,1
1,0,0,0,1,1,1,1,1,0,36,1,2,0,0,0,1
0,0,0,0,0,1,0,0,0,1,12,0,2,0,0,1,0
1,1,1,1,1,1,1,1,1,1,28,1,1,0,0,0,1
1,1,1,1,1,1,1,1,1,1,36,1,1,0,0,0,1
1,0,0,1,1,0,1,0,1,1,28,1,10,1,0,0,1
0,0,0,0,0,0,1,0,0,0,28,1,10,1,0,0,0
0,1,1,1,1,1,0,1,1,0,24,0,0,1,0,0,1
1,1,1,1,1,1,1,1,1,1,34,1,6,1,0,0,1
0,0,0,1,0,1,1,0,0,0,12,0,10,0,0,0,0
1,1,1,1,1,0,1,1,1,0,32,1,1,0,0,0,1
1,0,0,1,1,1,0,0,0,1,29,1,10,1,0,0,1
1,0,0,0,1,1,1,1,1,0,27,1,10,1,1,0,1
1,1,1,1,1,1,1,1,1,1,25,1,10,0,0,0,1
1,1,0,0,1,0,0,0,0,1,36,1,10,1,0,0,1
0,1,1,1,1,1,1,0,1,1,12,1,10,0,1,0,1
1,1,0,1,1,1,0,1,1,0,36,1,10,0,0,0,1
1,0,1,0,1,0,0,0,0,0,36,1,10,0,0,0,0
0,1,1,0,0,0,0,1,0,1,36,1,9,0,0,0,1
0,1,0,1,0,1,0,0,1,0,36,1,0,0,0,0,1
0,0,0,0,1,0,0,0,0,1,35,1,0,0,0,0,0
0,0,0,0,1,1,1,1,0,1,30,0,0,0,0,0,1
0,0,0,0,1,1,1,1,1,1,35,1,0,0,0,0,1
1,1,1,1,0,1,1,0,1,1,31,0,10,0,0,0,1
1,0,0,0,0,0,0,0,0,1,12,0,9,0,0,0,0
1,0,0,0,1,1,1,0,0,0,36,1,0,0,0,0,1
1,0,1,0,0,0,0,0,0,0,36,1,0,0,1,0,0
1,1,0,0,0,1,1,0,0,1,36,0,10,0,0,0,1
1,1,1,1,1,1,1,1,1,1,26,0,3,0,0,0,1
1,1,1,0,1,1,1,1,0,1,22,1,0,0,0,0,1
1,1,0,0,0,0,1,0,0,1,24,1,0,1,0,0,1
0,0,1,1,1,0,0,1,1,0,19,1,4,0,0,0,1
1,1,1,1,0,0,1,1,1,1,24,1,1,1,0,0,1
1,0,1,1,1,1,1,0,1,1,21,1,10,1,1,0,1
1,1,1,1,1,1,1,1,1,1,20,0,10,0,0,0,1
0,0,0,1,1,1,0,1,1,0,30,1,4,0,0,0,1
0,0,0,0,1,1,1,0,1,1,13,0,0,0,0,0,1
1,1,1,0,1,1,1,1,1,0,31,0,0,0,0,0,1
1,1,1,0,1,1,1,1,0,0,31,0,0,0,0,0,1
1,1,0,1,1,1,1,1,1,0,17,1,0,0,0,0,1
1,1,1,1,1,0,1,1,1,1,12,0,4,0,0,0,1
0,0,0,0,0,1,0,1,0,1,13,0,4,1,0,0,0
1,1,1,1,1,1,1,1,1,0,13,1,2,1,0,0,1
0,0,0,0,0,0,0,1,0,0,36,1,2,0,0,0,0
1,0,0,0,0,0,0,0,0,1,36,1,2,0,0,0,0
1,1,0,1,1,1,0,0,0,0,34,1,7,0,0,0,1
1,1,0,1,1,1,1,0,0,1,34,1,7,0,0,0,1
0,0,0,0,0,1,0,0,0,0,34,0,10,0,1,0,0
1,1,0,0,0,0,1,0,0,1,36,1,2,0,0,0,1
1,1,0,0,1,0,1,0,0,1,25,1,4,1,0,0,1
1,1,0,0,0,0,1,0,0,1,25,1,4,0,0,0,1
1,1,1,1,1,1,1,1,1,1,24,0,1,0,0,0,1
1,1,0,1,0,1,1,1,0,1,36,1,10,0,0,0,1
0,0,0,0,0,0,0,0,0,1,36,0,10,0,0,0,0
0,0,0,1,1,1,1,1,1,1,35,1,0,0,1,0,1
0,0,0,0,1,1,1,0,1,1,35,1,0,1,0,0,1
1,1,1,1,1,1,1,1,1,1,19,1,10,1,0,0,1
0,1,1,1,0,0,1,0,1,0,12,0,4,1,0,0,1
1,1,0,0,0,1,0,1,0,1,36,1,10,0,1,0,1
0,0,1,0,0,1,0,0,0,1,12,0,9,0,0,0,0
1,0,0,0,1,1,1,0,1,1,36,1,0,0,0,0,1
1,1,0,1,1,1,1,1,0,1,36,1,10,1,1,0,1
0,1,0,1,1,0,1,0,0,1,36,1,10,1,1,0,1
1,0,1,1,1,1,0,1,1,1,33,1,10,1,0,0,1
1,1,0,1,0,0,1,0,1,1,22,1,10,0,1,0,1
1,1,0,1,0,1,1,1,1,1,22,1,10,0,0,0,1
0,0,0,0,0,1,1,0,0,0,36,0,10,0,0,0,0
1,1,1,1,1,1,1,1,1,1,31,1,10,1,1,0,1
1,0,1,1,0,1,1,0,1,1,29,0,10,0,0,0,1
1,0,0,0,0,0,1,0,1,1,36,1,0,0,0,0,1
0,0,0,1,1,1,1,0,1,1,36,1,0,0,0,0,1
0,0,0,0,0,0,0,1,0,0,36,0,1,0,0,0,0
1,0,0,0,0,0,0,1,0,0,36,0,1,0,0,0,0
1,1,1,1,1,1,1,1,1,1,36,1,10,0,0,0,1
1,1,1,0,0,1,1,0,1,1,23,1,1,1,0,0,1
1,1,0,0,1,0,0,1,0,1,36,1,10,1,0,0,1
1,1,1,1,1,1,1,1,1,1,28,0,10,1,0,0,1
1,1,0,1,0,1,1,1,1,1,35,0,0,0,0,0,1
1,0,0,0,0,0,1,0,0,1,16,1,10,0,0,0,0
0,1,0,0,0,0,0,1,0,0,36,1,10,1,0,0,0
0,0,1,1,0,1,0,1,0,0,32,0,10,1,0,0,1
0,1,1,1,1,0,1,1,0,1,36,0,10,1,1,0,1
0,0,0,0,1,1,0,0,1,1,35,1,0,1,0,0,1
1,0,1,0,1,1,0,0,1,0,24,1,10,0,0,0,1
1,0,1,1,1,1,0,0,1,0,24,1,10,0,0,0,1
1,1,1,1,0,1,1,0,1,1,30,0,10,0,0,0,1
0,0,1,1,0,1,1,0,1,1,26,1,10,0,0,0,1
1,1,1,1,1,1,1,1,1,1,12,1,7,1,1,0,1
0,0,0,1,0,0,1,0,0,1,28,1,4,1,0,0,0
0,0,0,0,0,0,0,0,0,1,31,1,8,0,0,0,0
0,0,1,1,1,1,1,1,1,1,36,1,10,0,0,0,1
1,0,0,0,1,1,1,0,0,1,23,1,0,1,0,0,1
1,0,0,0,1,1,1,0,1,0,36,1,0,1,0,0,1
0,0,1,1,1,1,1,1,1,1,34,0,10,0,1,0,1
0,0,1,1,0,1,0,1,1,1,36,1,2,0,0,0,1
1,1,0,0,1,1,1,0,0,1,36,1,7,0,0,0,1
1,0,0,1,1,1,1,0,1,1,36,1,10,1,0,0,1
1,1,0,0,0,1,0,0,1,1,36,1,0,0,0,0,1
1,0,0,0,0,1,0,1,1,1,36,1,0,0,0,0,1
0,0,0,0,0,0,1,0,0,1,36,0,3,0,0,0,0
0,1,1,1,1,1,1,1,1,0,36,1,1,0,0,0,1
0,0,0,0,0,1,0,0,0,1,36,1,10,1,1,0,0
1,1,0,1,1,1,1,0,1,1,36,1,10,0,0,0,1
1,1,1,1,1,1,1,0,1,1,36,1,2,0,0,0,1
1,0,1,0,1,1,1,0,0,1,26,1,0,0,0,0,1
1,1,1,1,1,1,1,1,1,0,36,1,10,0,1,0,1
0,0,0,0,1,0,1,1,0,0,36,1,2,0,0,0,0
0,0,0,1,0,0,1,1,0,0,36,1,2,0,0,0,0
1,1,1,1,1,1,1,1,1,1,27,1,10,1,0,0,1
1,1,1,1,1,1,1,1,1,1,36,1,0,0,0,0,1
0,0,0,1,0,0,1,0,1,0,36,1,0,0,0,0,0
0,1,0,1,0,0,0,0,1,1,36,1,1,1,1,0,1
1,1,1,1,1,1,1,1,1,1,36,1,1,0,1,0,1
0,1,0,0,1,1,1,1,1,0,30,1,10,0,0,0,1
0,1,0,0,0,0,1,1,0,1,26,1,5,0,0,0,1
1,1,0,1,1,1,1,1,0,1,25,0,8,1,0,0,1
1,1,0,1,1,1,0,1,1,0,20,0,9,0,0,0,1
0,0,1,1,1,0,1,1,0,0,20,1,0,1,0,0,1
0,0,0,0,1,1,1,1,1,0,20,0,0,0,0,1,1
1,1,0,1,1,1,1,1,1,1,28,1,0,0,0,0,1
1,0,0,1,1,1,1,1,1,1,28,1,0,0,0,0,1
1,1,0,1,1,1,1,1,1,0,28,1,0,0,0,0,1
1,1,1,1,1,1,1,1,1,1,28,1,0,0,0,0,1
1,1,1,1,0,1,1,0,1,1,36,1,10,1,0,0,1
1,1,1,1,1,1,1,1,1,0,29,0,3,0,0,0,1
1,1,1,1,1,1,1,1,1,1,30,1,3,0,0,2,1
1,1,0,0,1,1,1,0,1,1,27,1,10,0,0,0,1
1,1,1,1,1,1,1,1,1,1,22,0,10,0,0,0,1
1,0,0,0,0,0,1,0,0,1,22,0,10,1,0,0,0
1,0,0,0,0,1,1,0,0,1,22,1,2,1,0,0,1
0,0,0,0,0,0,1,1,0,1,36,0,0,0,0,0,0
0,0,0,1,0,0,1,1,0,1,36,0,0,0,0,0,1
0,0,0,1,1,1,1,0,0,0,36,1,0,0,0,0,1
0,0,0,0,1,1,1,0,1,1,34,1,7,1,0,0,1
1,0,0,1,1,0,0,0,0,1,24,1,0,1,0,0,1
1,1,1,1,0,1,1,0,0,1,25,1,10,1,1,0,1
1,0,1,0,1,1,1,0,1,0,25,1,10,0,1,0,1
1,0,0,0,0,0,0,0,0,1,30,0,4,0,0,0,0
0,0,0,0,0,1,0,1,0,0,36,0,0,0,0,0,0
0,0,0,0,1,0,0,1,0,1,32,1,1,1,0,0,0
0,0,1,1,0,1,1,1,1,0,33,1,10,1,0,0,1
0,0,0,0,1,0,0,1,1,1,36,1,4,0,0,0,1
1,0,1,1,0,1,1,0,1,0,24,0,0,0,0,0,1
0,0,0,1,0,1,1,0,0,0,25,0,0,0,0,0,0
0,0,1,1,1,1,0,0,1,0,24,0,0,0,0,0,1
0,1,0,0,1,1,1,1,0,1,29,1,10,1,0,0,1
1,1,1,1,1,1,1,1,1,1,28,1,9,0,0,0,1
0,0,1,1,0,0,0,0,0,1,24,1,0,0,0,0,0
0,0,1,1,0,0,0,1,0,1,24,1,0,0,0,0,1
0,0,1,1,0,1,0,0,0,1,24,1,0,0,0,0,1
1,0,1,1,1,0,1,0,1,0,16,0,0,0,0,0,1
0,0,0,0,0,0,0,0,0,1,12,1,10,1,1,0,0
1,0,1,1,1,1,1,0,0,0,22,0,10,0,1,0,1
0,0,1,1,1,1,1,0,0,1,22,0,10,0,1,0,1
1,0,0,0,1,1,1,1,0,1,32,0,0,0,0,0,1
1,1,1,1,1,1,1,0,1,0,18,1,4,1,0,0,1
0,0,1,1,0,1,1,1,1,1,34,1,10,1,0,0,1
0,0,1,1,1,1,1,0,1,1,24,0,0,0,0,0,1
1,1,1,1,1,1,1,0,1,1,22,1,0,0,0,0,1
0,0,0,0,0,0,0,0,0,1,36,1,0,0,0,0,0
1,0,0,1,1,1,1,0,0,0,36,0,10,0,0,0,1
1,0,0,0,1,0,1,1,1,0,14,1,0,1,0,0,1
0,0,0,0,0,1,0,0,0,1,30,1,0,0,0,0,0
1,1,0,0,1,1,1,1,1,1,36,0,7,0,0,0,1
0,0,0,0,0,0,0,0,0,0,36,0,7,1,0,0,0
1,1,1,1,1,0,1,1,0,0,24,1,7,0,0,0,1
1,1,1,1,1,1,1,0,1,0,14,1,10,0,0,0,1
1,1,0,1,1,1,1,0,1,0,14,1,10,0,0,0,1
1,1,0,0,0,0,1,0,0,1,26,0,4,0,0,0,1
1,0,0,1,1,0,1,0,1,0,36,1,9,0,0,0,1
1,1,1,1,1,1,1,0,0,0,24,1,7,0,0,0,1
1,0,1,1,1,1,1,1,1,1,33,0,0,0,0,0,1
1,0,1,0,1,1,1,1,1,1,33,0,0,0,0,0,1
0,0,0,0,0,0,0,1,0,0,24,1,0,1,0,0,0
1,1,0,1,0,1,1,1,0,1,32,0,10,0,0,0,1
0,0,0,0,0,0,0,0,0,0,13,0,10,0,1,0,0
0,0,1,1,1,1,1,0,1,0,31,0,10,0,0,0,1
1,0,1,1,0,1,0,1,0,0,17,1,0,1,0,0,1
1,1,1,1,1,0,1,1,1,1,19,0,10,1,0,0,1
1,1,1,1,1,1,1,1,1,0,19,0,10,1,0,0,1
0,1,0,0,1,1,0,1,0,1,29,1,10,0,0,0,1
1,0,0,0,1,1,1,1,1,1,36,1,10,0,0,1,1
1,1,0,1,1,1,1,1,1,1,14,1,10,1,0,0,1
1,0,1,1,1,0,1,1,1,1,16,1,1,0,0,0,1
1,1,1,1,1,1,1,1,1,1,14,1,10,0,0,0,1
0,0,0,0,0,0,1,0,0,0,30,1,10,0,0,0,0
1,0,1,0,1,0,1,1,0,1,24,1,10,0,0,0,1
1,1,1,1,1,1,1,1,1,0,36,1,0,1,1,0,1
1,1,0,0,1,1,1,0,1,0,32,1,10,0,0,0,1
0,0,0,0,0,1,1,0,0,0,21,0,10,0,0,0,0
0,0,0,0,0,0,1,0,1,1,36,1,9,0,0,0,0
1,1,1,1,1,1,1,1,0,1,27,1,7,1,1,0,1
0,0,1,1,1,1,1,1,1,1,33,1,10,0,0,0,1
0,1,0,0,0,0,0,0,0,1,36,1,10,0,0,0,0
0,1,0,0,1,0,0,0,0,1,29,1,10,0,0,0,0
1,0,0,1,0,1,1,1,0,1,23,1,10,1,0,0,1
1,0,1,1,1,1,1,0,0,1,34,1,10,1,0,0,1
1,1,0,0,0,1,1,1,1,1,16,0,10,1,0,0,1
0,0,1,0,0,0,0,0,0,0,36,0,10,0,1,0,0
0,0,0,0,0,0,0,0,1,1,26,0,10,1,0,0,0
0,1,1,0,0,0,0,0,0,1,35,0,1,1,0,0,0
1,0,1,1,1,1,1,0,1,0,36,1,10,1,1,0,1
0,0,0,0,0,0,0,0,0,0,12,1,0,0,0,0,0
0,0,0,0,0,1,0,1,0,0,36,0,4,0,0,0,0
1,0,0,1,0,0,1,0,1,1,24,1,10,1,1,0,1
1,1,0,1,0,1,1,1,1,0,35,1,4,0,0,0,1
1,0,1,1,1,0,1,1,1,1,15,1,10,1,0,0,1
0,0,1,1,1,0,1,1,1,0,15,1,10,1,0,0,1
1,0,0,1,0,0,1,0,0,0,27,1,9,0,0,0,0
1,1,1,1,1,0,1,0,1,1,12,0,10,0,0,0,1
1,1,1,1,1,1,1,1,1,1,22,1,10,1,0,0,1
1,0,0,0,0,1,1,0,1,0,36,1,7,0,1,0,1
0,0,0,0,0,1,0,0,0,0,36,1,10,1,0,0,0
0,0,0,0,0,0,0,0,0,1,15,1,0,0,0,0,0
0,1,0,1,0,1,1,0,0,0,30,1,0,1,0,0,1
1,1,0,0,0,0,0,0,0,0,17,1,0,0,0,0,0
1,1,0,1,0,0,0,0,0,0,17,1,4,0,0,0,0
1,1,0,0,0,0,0,0,0,0,17,1,4,0,0,0,0
1,1,0,0,1,1,0,1,1,1,29,1,10,0,0,0,1
1,1,1,1,1,1,1,1,1,1,26,1,8,0,0,0,1
1,1,0,0,0,1,1,1,0,1,23,1,10,1,1,0,1
0,0,0,0,0,0,1,0,0,1,23,1,10,1,1,0,0
0,0,0,0,0,0,0,1,0,1,23,1,10,1,0,0,0
0,0,0,0,0,0,0,1,0,1,36,0,10,0,0,0,0
1,1,1,1,1,1,1,1,1,1,15,1,9,0,0,0,1
1,1,0,1,1,1,1,1,1,0,25,1,10,0,0,0,1
0,0,0,1,1,1,1,1,1,1,33,0,0,0,0,0,1
0,0,0,0,1,0,0,0,1,1,12,0,10,0,0,0,0
0,0,1,1,1,1,1,0,1,1,12,0,4,0,0,0,1
1,1,0,1,0,1,1,0,0,1,28,1,10,0,0,0,1
1,1,0,1,1,0,1,1,1,0,36,1,4,0,0,0,1
0,0,0,0,0,1,0,0,0,1,31,1,0,0,1,0,0
1,1,1,1,1,1,0,1,1,1,30,1,0,0,0,0,1
1,0,0,0,1,1,0,0,1,1,30,1,0,0,0,0,1
1,1,1,1,1,1,1,1,1,0,36,0,4,1,0,0,1
0,0,0,0,0,0,0,0,1,1,30,1,0,0,0,0,0
1,1,1,0,1,1,1,0,0,1,29,1,8,0,1,0,1
0,0,0,0,0,0,0,0,0,1,22,0,4,0,0,0,0
0,0,1,0,1,1,1,1,0,1,34,0,0,0,0,0,1
0,1,1,1,1,1,1,1,0,1,36,0,10,0,0,3,1
1,1,1,1,1,1,1,0,1,1,31,1,10,0,0,0,1
1,1,1,1,0,1,1,0,0,1,36,0,10,0,0,0,1
0,0,0,0,0,0,0,0,0,1,22,1,4,0,0,1,0
1,0,1,1,1,1,1,0,1,1,36,1,4,0,0,0,1
1,1,0,1,1,1,1,1,1,1,12,1,3,1,0,0,1
1,0,0,0,1,1,1,0,1,0,26,1,0,0,0,0,1
0,0,0,0,1,1,1,0,1,0,36,0,3,0,0,0,1
1,0,1,1,1,1,1,1,1,0,36,1,0,1,0,0,1
1,1,0,0,1,1,1,1,1,0,28,1,9,0,0,0,1
0,0,0,0,0,0,0,0,0,0,36,0,4,1,0,0,0
1,1,1,1,1,1,0,1,0,1,36,0,10,0,0,0,1
1,1,1,1,1,1,1,1,1,0,12,1,10,0,1,1,1
1,0,0,0,0,0,1,1,0,0,36,1,10,0,0,0,0
0,0,1,1,1,1,1,0,0,0,31,1,10,0,0,0,1
0,0,1,1,1,1,1,0,0,0,31,1,10,1,0,0,1
1,1,1,1,1,0,1,1,0,1,22,1,9,0,0,0,1
0,0,0,1,0,0,1,0,0,1,36,1,9,0,0,0,0
1,1,0,0,1,0,1,1,1,1,36,1,10,0,0,0,1
1,1,1,1,1,1,1,1,1,1,15,0,4,0,1,0,1
0,0,1,1,1,1,1,1,1,0,14,1,10,1,0,0,1
1,0,1,0,0,0,1,1,1,0,27,1,0,0,0,0,1
1,1,0,1,1,1,1,1,1,1,28,1,10,0,0,0,1
0,0,0,0,0,0,1,0,0,0,15,0,0,0,1,0,0
0,0,1,1,1,0,1,0,0,0,31,1,10,1,0,0,1
0,0,0,0,0,0,0,0,0,0,17,0,0,0,1,0,0
1,1,1,1,1,1,1,1,1,0,28,1,7,0,0,0,1
1,1,0,1,1,1,1,1,1,0,36,0,0,0,0,0,1
1,0,0,0,0,1,1,0,0,1,26,0,7,0,0,0,1
1,0,1,1,1,1,1,0,1,0,15,1,10,0,0,0,1
0,1,1,1,0,1,1,1,1,0,12,1,2,0,0,0,1
0,1,0,0,0,0,1,1,0,1,16,1,10,1,0,0,1
1,0,1,1,1,1,1,1,1,1,28,1,10,0,0,0,1
1,1,1,1,1,1,1,1,1,0,24,1,0,0,0,0,1
1,1,1,1,0,1,1,0,0,1,22,1,4,1,1,0,1
0,0,1,1,0,0,1,0,0,1,36,0,0,1,0,0,1
0,0,0,0,0,0,1,1,0,1,36,1,10,0,0,0,0
0,0,0,0,0,0,1,0,0,1,22,1,10,1,1,0,0
1,0,0,0,0,0,0,0,0,0,34,1,10,1,1,0,0
0,0,0,1,1,0,1,1,1,0,36,1,0,0,0,0,1
1,1,1,0,1,0,1,0,0,0,35,1,7,0,0,0,1
1,0,0,0,0,0,1,1,0,1,35,0,10,1,0,0,1
1,0,0,0,0,1,1,0,0,1,31,0,10,0,1,0,1
1,1,0,1,1,1,1,0,1,1,36,1,0,1,0,0,1
1,0,0,0,0,1,1,0,0,0,36,1,0,0,0,0,0
1,1,1,1,1,1,1,0,1,1,15,1,5,0,0,0,1
1,1,1,1,0,1,1,0,1,1,36,0,10,0,0,0,1
0,0,1,0,0,1,1,1,1,1,36,0,4,0,1,0,1
1,1,1,1,1,1,1,1,1,1,36,0,4,1,0,0,1
1,0,0,0,0,0,1,0,0,1,27,1,10,0,0,0,0
0,0,0,0,1,0,1,0,1,1,36,1,7,1,0,0,1
1,1,0,1,1,1,1,1,1,1,24,0,9,0,0,0,1
1,1,0,1,1,1,1,0,0,0,24,0,9,0,0,0,1
1,0,0,1,0,1,1,0,0,1,23,0,0,0,0,0,1
1,0,0,0,1,1,1,1,1,0,34,0,0,0,0,0,1
1,0,1,1,1,1,1,1,1,1,13,1,1,1,1,0,1
0,0,0,0,0,0,0,0,0,0,36,0,1,0,1,0,0
1,1,0,0,1,1,1,0,1,1,36,1,10,0,0,0,1
1,1,0,0,1,1,1,0,1,1,36,1,10,0,1,0,1
1,1,1,1,1,1,1,0,1,1,16,1,4,0,0,0,1
1,1,1,1,0,1,1,0,1,1,24,0,10,0,0,0,1
0,0,0,0,0,0,1,0,0,1,36,1,10,0,1,0,0
1,1,1,1,0,1,0,0,0,1,20,1,10,1,1,0,1
1,0,1,1,1,1,1,1,0,1,28,1,4,0,0,0,1
1,1,1,1,1,1,1,1,1,0,29,1,0,0,0,0,1
0,0,0,0,0,0,0,0,0,0,25,1,0,0,0,0,0
0,0,0,0,0,0,1,0,1,0,24,0,4,0,0,0,0
1,0,0,0,1,0,1,1,1,0,24,1,10,0,0,0,1
1,1,0,0,0,1,0,0,0,0,36,1,4,0,0,0,0
1,1,1,1,1,1,1,1,1,0,19,1,4,0,0,1,1
1,0,0,0,1,1,1,1,1,1,34,0,0,0,0,0,1
0,0,0,1,0,1,1,1,1,0,18,1,0,0,1,0,1
0,0,1,1,0,0,0,0,1,0,36,1,10,0,0,0,0
0,0,0,0,0,1,1,0,1,0,24,0,4,0,0,0,0
1,1,0,0,0,0,1,0,1,1,36,0,10,0,1,0,1
0,0,0,0,0,0,0,1,0,0,30,0,4,0,0,0,0
0,0,0,0,0,0,0,0,0,1,36,1,10,0,0,0,0
1,0,0,0,0,0,1,0,0,0,25,0,0,0,0,0,0
0,0,0,0,0,0,1,0,0,1,14,1,4,0,0,0,0
1,1,1,1,1,1,1,1,1,1,14,1,4,0,0,0,1
0,0,1,1,1,0,1,1,1,0,14,1,10,1,0,0,1
0,0,1,1,1,0,0,1,0,0,35,1,0,0,0,0,1
1,1,1,1,1,1,1,1,1,1,35,1,0,0,0,0,1
1,1,1,1,1,1,1,1,1,0,19,0,2,0,0,0,1
0,0,0,1,0,0,0,0,0,0,31,0,4,1,0,0,0
1,0,0,0,1,1,1,1,1,0,36,1,10,0,0,0,1
0,0,0,0,0,0,0,0,0,0,28,1,4,0,0,0,0
1,0,1,1,0,1,1,0,0,0,26,1,10,0,0,0,1
1,1,0,0,0,0,1,1,0,0,28,1,4,0,0,0,1
0,1,0,0,1,0,0,0,0,0,32,1,4,0,0,0,0
1,1,1,1,1,1,1,1,1,1,36,1,3,0,0,0,1
0,1,0,0,1,1,0,0,1,0,36,1,10,0,0,0,1
0,0,1,1,1,1,1,1,1,1,18,1,2,0,0,0,1
0,0,0,0,0,0,1,0,0,1,21,1,4,1,0,0,0
1,0,0,0,0,1,1,0,0,1,21,1,4,1,0,0,1
1,1,1,1,1,1,1,0,1,1,32,1,2,0,0,0,1
0,0,0,0,0,1,1,1,1,0,36,1,0,0,0,0,1
0,0,0,0,0,0,0,0,0,0,20,1,0,1,0,0,0
1,1,1,0,1,0,1,0,1,1,27,1,0,1,0,0,1
1,1,0,1,1,0,1,1,1,0,18,1,1,1,1,0,1
0,0,0,1,1,1,0,1,0,0,24,1,0,0,0,0,1
0,1,0,0,0,1,0,0,0,0,36,0,10,1,0,0,0
0,0,0,0,0,0,0,0,0,0,36,0,10,1,0,0,0
1,1,0,0,1,1,1,0,0,0,36,1,0,0,0,0,1
0,0,1,1,1,1,1,0,1,0,22,0,7,0,0,0,1
1,1,1,1,1,1,1,1,1,1,30,1,10,1,1,0,1
1,1,1,1,1,1,1,1,1,1,16,1,10,0,0,0,1
1,1,0,1,1,1,1,1,1,1,26,0,4,0,0,0,1
1,1,1,1,1,1,0,1,1,1,24,0,2,0,0,0,1
0,0,1,0,1,1,1,0,1,1,30,0,7,1,0,0,1
1,0,0,0,1,0,0,0,0,1,12,1,4,1,0,0,0
1,1,0,1,1,1,1,0,1,0,26,0,10,0,0,0,1
1,1,1,1,0,0,1,1,0,1,36,0,5,1,0,0,1
0,1,0,1,0,1,1,1,1,1,36,0,5,1,0,0,1
0,0,0,0,0,0,1,0,0,0,30,0,3,0,0,0,0
1,1,1,1,1,1,1,1,1,1,21,1,10,1,0,0,1
1,1,0,0,0,1,1,1,1,1,36,1,10,0,0,0,1
0,0,0,0,0,0,0,0,0,0,36,1,7,0,0,0,0
0,0,1,1,0,0,0,1,1,0,31,1,9,0,0,0,1
0,0,1,1,1,1,1,0,1,1,30,0,7,1,0,0,1
1,1,1,1,1,1,1,1,1,1,30,0,7,0,0,0,1
0,0,0,1,1,1,0,0,1,1,33,1,10,0,0,0,1
1,1,0,0,1,1,1,1,1,0,26,1,10,0,1,0,1
1,0,0,0,0,0,0,0,0,1,12,0,4,0,0,0,0
1,1,0,0,0,1,1,0,0,1,36,1,10,1,0,0,1
1,1,0,0,0,0,1,0,0,0,36,1,2,0,0,0,0
1,1,1,1,1,0,1,0,1,0,36,1,0,0,0,0,1
0,0,0,1,1,1,1,1,0,0,24,0,10,0,0,0,1
1,1,1,1,1,1,1,1,1,1,24,1,9,0,0,0,1
0,0,1,1,1,0,0,1,0,1,36,1,7,0,0,0,1
0,1,1,0,1,0,1,0,1,0,34,0,1,0,0,0,1
0,1,1,0,1,0,0,0,0,0,34,0,1,1,0,0,0
0,1,1,0,1,0,0,0,0,0,34,0,1,0,0,0,0
1,1,1,1,1,1,1,1,1,1,24,1,10,0,0,1,1
0,0,0,0,0,0,0,0,0,0,24,1,1,0,0,0,0
0,0,0,1,1,1,0,1,0,1,29,1,0,0,0,0,1
0,0,0,0,1,1,1,1,0,1,30,1,3,1,0,0,1
0,0,0,0,0,0,0,0,0,0,26,0,9,0,0,0,0
0,1,1,1,0,1,1,1,1,1,36,1,4,0,0,0,1
1,1,1,1,1,1,1,1,1,1,30,1,10,1,0,0,1
1,1,1,1,0,1,1,1,1,1,27,0,10,0,0,0,1
1,0,1,1,1,1,1,1,1,1,23,1,3,0,0,0,1
1,0,1,1,0,1,1,1,1,1,23,1,3,0,0,1,1
0,0,1,1,1,0,1,0,1,0,36,0,9,0,0,0,1
1,1,1,1,0,1,1,0,1,1,22,0,8,1,0,0,1
1,1,0,1,0,1,1,0,1,1,36,0,10,0,0,0,1
1,1,0,0,1,0,1,1,1,0,36,1,2,0,0,0,1
0,0,0,1,0,1,1,1,1,1,26,1,1,0,0,0,1
0,0,0,0,0,0,0,0,0,0,28,0,1,0,0,0,0
1,1,1,1,1,1,1,1,1,1,21,1,0,0,0,0,1
1,1,0,0,0,0,1,0,1,1,25,1,10,1,0,0,1
1,1,1,0,0,0,1,0,1,0,13,0,3,0,0,0,1
0,0,1,1,1,1,1,1,1,0,15,1,10,1,0,0,1
1,1,0,0,0,1,1,0,0,1,23,1,10,0,0,0,1
0,0,0,0,0,0,0,0,1,0,24,1,0,0,0,0,0
0,0,1,1,0,0,0,0,1,1,24,1,0,0,0,0,1
1,0,1,1,1,1,1,0,1,1,36,1,2,0,1,0,1
0,0,0,0,0,0,1,0,0,1,12,1,0,1,0,0,0
1,0,1,1,1,1,1,1,1,0,29,1,10,1,0,0,1
0,1,1,1,1,1,1,1,1,0,36,1,4,1,1,0,1
0,0,0,0,1,0,1,0,0,1,36,1,9,0,0,0,0
0,0,0,0,0,0,0,1,0,1,27,1,0,0,1,0,0
1,1,1,1,0,0,1,1,0,1,32,1,0,0,0,0,1
0,0,0,0,0,1,1,1,0,0,12,1,3,0,0,0,0
1,0,0,1,0,1,1,1,1,0,36,1,10,1,0,0,1
1,0,0,1,0,1,1,0,1,0,36,1,7,1,0,0,1
1,1,0,0,1,1,1,0,1,1,36,1,0,0,0,0,1
1,0,1,1,0,0,0,0,1,0,12,1,10,0,0,0,1
0,0,1,1,1,0,0,0,0,0,12,1,10,0,0,0,0
1,0,0,1,0,0,0,0,1,0,12,1,10,0,0,0,0
0,0,1,1,1,0,0,0,1,0,12,1,10,0,0,0,1
0,0,0,0,0,1,1,0,0,1,20,1,9,0,0,0,0
0,0,0,0,0,1,1,0,0,1,36,0,0,0,0,0,0
0,0,0,1,0,0,0,1,0,0,36,1,10,1,0,0,0
1,1,0,1,1,1,1,0,1,1,32,1,0,0,0,0,1
0,0,0,0,1,1,0,1,0,1,35,0,0,0,0,0,1
0,0,1,0,0,0,0,0,0,1,19,1,4,0,0,0,0
1,0,1,0,0,0,1,0,0,1,20,1,4,0,0,0,1
1,0,1,0,0,0,0,0,0,1,20,1,4,0,0,0,0
1,0,0,0,0,0,0,0,0,0,12,1,10,0,0,0,0
1,0,0,0,0,0,0,0,0,1,12,1,10,0,0,0,0
0,0,0,0,0,0,0,0,0,0,12,1,10,0,0,0,0
1,1,1,1,1,1,1,1,1,0,12,1,10,0,0,0,1
1,1,0,0,0,1,0,0,0,1,36,1,0,0,0,1,1
0,0,0,0,1,1,0,0,1,1,36,1,6,0,0,0,1
0,0,0,0,0,0,1,0,0,1,24,1,4,0,0,0,0
0,0,0,0,1,0,1,0,0,1,36,0,10,0,0,0,0
1,1,1,1,1,1,1,1,0,1,27,1,1,0,1,0,1
1,1,0,0,1,0,0,1,1,0,36,1,9,0,0,0,1
1,0,0,0,1,1,0,1,0,1,35,0,0,0,0,0,1
1,0,0,0,1,0,0,0,0,0,18,1,1,0,0,0,0
1,1,1,1,1,1,1,1,1,0,36,0,10,0,0,0,1
1,1,1,1,0,0,0,1,0,0,22,0,2,0,0,0,1
1,1,0,1,1,1,1,1,1,1,29,1,9,1,0,0,1
0,1,0,0,0,0,1,0,0,0,36,1,0,0,0,0,0
0,1,0,0,1,1,1,0,0,0,36,1,0,0,0,0,1
1,1,0,1,1,1,1,0,0,0,27,1,10,0,1,0,1
0,0,1,1,1,0,1,1,1,0,26,0,10,0,0,0,1
1,1,0,1,0,1,1,1,1,1,26,1,4,1,0,0,1
0,0,0,0,1,0,0,0,0,1,36,1,9,1,0,0,0
1,0,1,1,1,1,1,0,1,0,16,1,10,0,1,0,1
1,0,1,1,0,1,1,1,0,0,28,1,0,0,0,0,1
1,0,1,1,1,1,0,1,1,0,18,1,10,0,0,0,1
1,0,0,0,0,0,1,0,1,0,36,1,9,0,0,0,0
1,0,0,0,0,0,1,0,0,1,30,1,4,0,0,0,0
1,0,0,0,0,0,1,1,0,1,30,1,4,0,0,0,1
1,1,0,0,0,1,0,1,0,1,33,1,4,0,0,0,1
0,0,0,1,0,0,0,0,0,0,24,1,10,0,0,0,0
1,1,0,1,1,1,0,1,0,1,36,1,10,1,1,0,1
1,0,0,0,0,0,1,1,1,1,36,1,10,0,1,0,1
1,1,1,0,0,0,1,1,0,0,24,1,1,0,0,2,1
1,1,0,1,0,0,0,0,0,1,16,0,3,0,0,0,1
0,0,0,0,0,1,1,0,0,1,24,1,10,0,0,0,0
1,0,1,1,1,1,0,1,1,0,30,1,10,1,0,0,1
1,1,1,1,1,1,1,0,0,0,36,1,0,0,0,0,1
1,0,1,0,1,1,1,0,1,1,24,1,4,1,0,0,1
0,0,0,1,1,0,1,1,0,1,36,1,9,1,0,0,1
1,1,1,1,1,1,1,0,1,0,36,1,0,0,0,0,1
1,1,1,1,1,1,1,1,1,1,34,0,10,0,0,0,1
1,0,1,1,0,1,1,0,1,0,24,1,10,0,0,0,1
1,1,1,0,1,1,0,0,1,1,23,1,10,0,0,0,1
1,0,0,1,0,0,0,0,0,0,12,1,10,0,0,0,0
1,1,1,1,1,1,1,0,1,1,30,0,4,0,0,0,1
0,0,0,0,1,0,1,1,0,1,36,1,9,1,0,0,1
1,0,1,1,1,1,1,1,1,1,35,0,4,0,0,0,1
1,0,1,1,1,1,1,0,1,1,35,0,4,0,0,0,1
1,1,1,1,1,1,1,0,0,1,33,1,10,0,0,0,1
1,0,0,1,0,0,1,0,0,1,34,1,0,1,0,0,1
1,1,1,1,1,1,1,1,1,1,24,0,3,0,0,1,1
1,1,0,0,0,0,0,0,1,1,36,1,10,1,0,0,1
0,0,0,0,0,0,0,0,0,0,36,1,4,0,0,0,0
0,1,0,0,0,0,0,0,0,1,36,1,4,1,0,0,0
0,0,0,1,0,0,0,0,1,1,36,1,0,0,0,0,0
1,0,1,1,1,0,1,0,1,1,33,0,4,0,0,0,1
0,1,1,1,0,1,0,0,0,0,23,0,8,1,0,0,1
0,0,0,0,0,1,0,0,0,1,36,1,3,0,0,0,0
1,0,0,0,1,1,0,1,0,1,34,0,0,0,0,0,1
0,0,0,0,1,1,1,1,0,0,36,1,1,1,0,3,1
1,0,0,1,1,0,1,0,1,0,27,1,10,0,0,0,1
1,1,1,1,1,1,1,1,0,0,36,1,1,0,1,0,1
1,0,1,1,1,0,1,0,0,1,24,1,0,0,0,0,1
0,0,0,1,0,0,1,0,0,1,34,0,10,0,1,0,0
1,1,1,1,1,1,1,1,1,0,32,1,9,1,1,0,1
1,0,1,1,0,0,1,0,0,1,24,1,0,0,0,0,1
0,1,1,1,1,1,1,1,1,1,30,1,3,0,0,0,1
0,1,0,0,1,1,0,0,1,0,36,1,10,0,1,0,1
0,0,0,0,0,0,1,0,0,1,32,1,9,0,0,0,0
1,1,1,1,1,1,1,1,1,0,30,1,4,0,0,0,1
1,0,0,0,0,1,1,1,1,0,30,0,10,0,0,0,1
0,0,1,1,0,0,1,0,1,0,24,1,3,0,0,0,1
0,1,0,0,1,0,1,1,0,1,36,1,2,0,0,0,1
1,1,0,0,0,1,1,1,0,1,36,0,0,0,0,0,1
0,0,1,1,0,0,0,0,1,0,21,1,0,0,0,0,0
1,1,0,0,1,1,1,0,0,1,36,1,0,0,0,0,1
0,0,0,0,1,0,0,0,1,0,19,0,10,1,1,0,0
0,1,1,1,1,1,1,1,0,0,12,1,10,0,0,0,1
1,1,0,0,0,0,0,1,0,1,36,1,10,0,1,0,1
0,0,0,0,0,0,0,0,0,1,35,1,0,1,0,0,0
0,0,0,0,0,0,1,1,0,1,23,1,0,1,0,0,0
0,0,1,1,1,0,0,1,1,0,29,1,10,0,0,0,1
0,0,1,1,1,1,0,0,1,0,22,0,3,0,0,0,1
1,1,0,1,0,1,1,1,1,1,36,1,10,0,1,0,1
0,0,0,0,1,0,0,1,0,1,36,1,9,1,0,0,0
1,1,0,0,0,1,1,1,0,1,36,0,7,0,1,0,1
1,0,1,1,1,0,1,0,0,0,32,1,10,1,0,0,1
0,0,0,0,0,1,0,0,0,1,16,1,9,1,1,1,0
0,0,0,0,0,0,0,1,0,0,28,1,10,0,0,0,0
1,0,0,1,0,1,1,1,0,0,18,1,7,1,0,0,1
1,1,0,1,0,1,1,1,0,0,14,0,0,0,0,0,1
0,0,1,0,0,0,0,0,0,0,12,1,10,0,0,0,0
1,1,0,0,0,0,1,0,1,0,26,1,0,0,1,0,1
0,0,0,0,1,1,1,0,1,0,26,1,0,0,1,0,1
0,0,0,0,0,0,0,0,0,1,25,1,10,0,0,0,0
0,0,0,1,0,0,1,0,0,0,25,1,10,1,0,0,0
1,1,1,1,0,0,1,1,1,1,30,1,2,1,0,0,1
1,1,1,1,1,1,1,1,1,1,25,1,0,0,1,0,1
1,1,1,1,1,1,1,1,1,1,30,1,4,0,0,1,1
0,1,0,1,1,1,1,1,1,0,24,0,4,0,0,0,1
1,1,0,0,1,1,1,0,0,0,30,0,10,0,0,0,1
0,0,0,0,0,0,0,0,0,0,30,0,10,0,0,0,0
0,0,0,0,0,0,0,0,0,1,24,0,10,0,1,0,0
0,0,1,1,1,0,1,0,1,0,12,1,1,1,0,0,1
1,0,1,1,1,1,1,1,1,1,18,1,4,1,0,0,1
1,0,0,0,0,0,0,1,0,1,19,1,10,0,1,0,0
1,1,0,0,1,1,0,1,1,0,24,1,0,1,1,0,1
0,0,0,0,0,0,0,0,0,0,31,0,4,0,0,0,0
0,0,0,0,0,0,0,0,0,1,12,1,10,0,0,0,0
0,1,0,0,0,0,0,0,0,0,36,1,0,0,0,0,0
0,0,0,0,0,0,1,0,0,1,20,1,4,0,0,0,0
0,0,0,0,0,0,0,1,0,0,30,0,4,0,0,0,0
0,0,0,0,0,0,1,0,0,0,21,0,10,0,0,0,0
0,0,0,1,0,0,0,0,0,0,36,1,4,0,0,0,0
0,0,0,0,0,1,1,0,0,0,36,1,0,0,0,0,0
0,0,0,0,0,0,1,0,0,1,20,1,9,0,0,0,0
0,1,0,0,0,0,0,0,0,0,36,0,10,1,0,0,0
0,0,0,0,0,0,0,0,0,1,12,0,10,0,0,0,0
0,0,0,0,0,0,0,0,0,1,25,1,10,0,0,0,0
0,0,0,0,0,0,0,0,0,0,28,1,4,0,0,0,0
0,0,0,0,0,0,0,0,0,1,30,1,0,0,0,0,0
0,0,0,0,0,0,0,0,0,0,23,0,9,0,1,0,0
0,0,0,0,0,0,0,0,0,1,36,0,4,0,0,0,0
0,0,0,0,0,0,0,0,0,0,36,0,10,0,0,0,0
0,0,0,0,0,1,0,0,0,0,33,1,0,0,0,0,0
0,0,0,0,0,1,0,0,0,0,36,1,10,1,0,0,0
0,0,0,1,0,0,0,0,0,0,36,1,4,0,0,1,0
0,0,0,0,0,0,0,0,0,0,27,0,0,0,0,0,0
1,0,0,0,0,0,0,0,0,0,17,1,0,0,0,0,0
0,0,0,0,0,0,0,0,0,0,19,1,9,0,0,0,0
0,1,0,0,0,0,0,0,0,0,34,0,0,0,0,0,0
0,0,0,0,0,0,0,0,0,0,27,1,10,0,0,0,0
0,0,0,0,0,0,0,0,0,1,36,1,0,0,0,0,0
0,0,0,0,0,0,0,0,0,0,36,1,4,0,0,0,0
0,0,0,0,0,0,0,0,0,0,34,0,9,1,0,0,0
0,0,0,0,0,0,0,0,0,1,36,1,2,0,0,0,0
0,0,0,0,0,0,0,0,0,0,24,1,0,0,0,0,0
1,0,0,0,0,1,0,0,0,0,36,1,0,0,0,0,0
0,0,0,0,0,0,0,0,0,0,36,1,4,0,0,0,0
0,0,0,0,0,0,0,0,0,0,24,1,0,0,0,0,0
0,0,0,0,0,0,0,0,0,0,15,0,4,1,0,0,0
0,0,0,0,0,0,0,0,0,1,23,1,10,1,0,0,0
0,0,0,0,0,0,0,0,0,0,31,0,7,0,0,0,0
0,0,0,0,0,0,0,0,0,0,17,1,0,0,0,0,0
0,0,1,1,0,0,0,0,0,0,36,1,0,0,0,0,0
0,0,0,0,0,0,0,0,0,0,17,1,0,0,0,0,0
0,0,0,0,0,0,0,0,0,1,33,1,0,0,0,0,0
0,0,0,0,0,0,0,0,0,0,12,1,10,0,0,0,0
0,0,0,0,0,0,0,1,0,1,36,0,0,0,0,0,0
0,0,0,0,0,0,0,0,0,1,12,1,4,0,0,0,0
0,0,0,0,0,0,0,0,0,1,36,1,0,0,0,0,0
0,0,0,0,0,0,0,0,0,0,36,1,4,0,0,0,0
0,0,0,0,0,0,0,0,0,0,36,0,0,0,0,0,0
0,0,0,0,0,0,0,0,0,0,34,1,0,0,0,0,0
0,0,0,0,1,0,0,0,0,1,36,1,9,0,0,0,0
0,0,0,0,0,0,0,0,0,0,36,1,4,0,0,0,0
0,1,0,0,0,0,0,0,0,1,12,0,4,0,0,0,0
0,0,0,0,0,0,0,0,0,0,36,1,4,0,0,0,0
0,0,0,0,0,0,0,0,0,0,24,0,4,0,0,0,0
0,0,0,0,0,0,0,0,0,0,33,0,9,1,0,0,0
0,0,0,0,0,0,0,1,0,0,36,0,0,0,0,0,0
0,0,0,0,0,0,0,0,0,1,35,1,0,1,0,0,0
0,0,0,0,0,0,0,0,0,1,33,1,0,0,0,0,0
0,0,0,0,0,0,1,0,0,0,21,0,10,0,0,0,0
0,0,0,0,0,0,0,0,0,0,20,0,10,0,0,0,0
0,0,0,0,0,0,0,0,0,0,13,0,10,0,0,0,0
0,0,0,0,0,0,0,0,0,0,12,1,10,0,0,0,0
1,0,0,0,0,0,0,0,0,0,17,1,0,0,0,0,0
0,0,0,0,0,0,0,0,0,0,36,0,0,0,0,0,0
0,0,0,0,0,0,0,1,0,0,36,0,1,0,0,0,0
0,0,0,0,0,0,0,0,0,0,23,0,4,0,0,0,0
0,0,0,0,0,0,0,0,0,0,12,0,4,0,0,0,0
0,0,0,0,0,0,0,0,0,0,36,1,10,0,0,0,0
0,0,0,0,0,0,0,0,0,1,24,0,10,0,0,0,0
0,0,0,0,0,0,0,0,0,0,15,0,0,0,0,0,0
0,0,0,0,0,0,1,0,0,1,36,1,9,0,0,0,0
0,0,0,0,0,0,0,0,0,0,24,0,10,0,0,0,0
0,0,0,0,0,0,0,0,0,0,30,0,9,0,0,0,0
0,0,0,0,0,0,0,0,0,0,31,0,4,0,0,0,0
0,0,0,0,0,1,0,0,0,0,12,0,2,0,0,0,0
0,0,0,0,1,0,0,0,0,1,36,1,9,0,0,0,0
0,0,0,0,0,0,0,0,0,1,12,0,9,0,0,0,0
0,0,0,0,0,0,0,0,0,1,19,1,4,0,0,0,0
0,0,0,0,0,0,0,0,0,1,36,0,3,0,0,0,0
0,0,0,0,0,0,0,0,0,1,30,1,0,0,0,0,0
0,0,0,0,0,0,0,0,0,1,12,0,1,0,0,0,0
0,0,0,0,0,0,0,1,0,0,36,1,2,0,0,0,0
0,1,0,0,0,0,0,0,0,0,36,1,0,0,0,0,0
0,0,0,0,0,0,1,0,0,0,27,1,10,1,0,0,0
0,0,0,0,0,0,0,0,0,0,24,1,4,0,0,0,0
1,0,0,0,0,0,1,0,0,0,36,1,10,0,0,0,0
0,0,0,0,0,0,0,0,0,0,12,1,0,0,0,0,0
0,0,0,0,1,0,0,0,0,0,36,1,9,0,0,0,0
0,0,1,0,0,0,0,0,0,0,33,1,0,0,1,0,0
0,0,0,0,0,0,0,0,0,0,36,0,6,0,0,0,0
0,0,0,0,0,0,0,0,0,0,24,0,4,0,0,0,0
0,0,0,0,0,0,0,0,0,1,28,1,4,0,0,0,0
0,0,0,0,0,0,0,0,0,0,28,1,4,0,0,0,0
0,0,1,0,0,0,0,0,0,0,12,0,9,0,0,0,0
0,0,0,0,0,0,0,0,0,1,30,0,8,0,0,0,0
0,0,0,0,0,0,0,0,0,0,30,1,10,0,0,0,0
0,0,0,0,0,0,0,0,0,0,32,0,9,1,0,0,0
0,0,0,0,0,0,0,0,0,0,36,0,1,0,0,0,0
0,1,1,0,1,0,0,0,0,0,34,0,1,0,0,0,0
0,0,0,0,0,0,0,0,0,0,24,0,4,0,0,0,0
0,0,0,0,0,0,0,0,0,1,14,0,4,0,0,0,0
1,0,0,0,0,0,0,0,0,0,29,0,4,0,0,0,0
0,0,0,0,0,0,0,0,0,0,35,1,0,0,0,0,0
0,0,0,0,1,0,0,0,0,0,12,1,4,0,0,0,0
1,0,0,0,0,0,1,0,0,0,36,1,0,0,0,0,0
0,0,0,0,0,0,0,0,0,0,36,1,10,0,0,0,0
0,0,0,0,0,0,0,0,0,0,36,0,7,0,0,0,0
0,0,0,0,0,0,0,1,0,0,25,0,10,0,0,0,0
1,0,0,0,0,1,0,0,0,0,36,1,4,0,0,0,0
0,0,0,0,0,0,0,0,0,1,12,0,4,0,0,0,0
0,0,0,0,0,0,0,0,0,1,33,1,0,0,0,0,0
0,0,0,0,0,0,0,0,0,0,31,1,10,1,0,0,0
0,0,0,0,0,0,0,0,0,1,25,0,10,0,0,0,0
1,0,0,0,0,0,1,0,0,0,36,1,9,0,0,0,0
0,0,0,0,0,0,0,0,0,0,18,0,4,0,0,0,0
1,0,0,0,0,1,0,0,0,0,36,1,0,0,0,0,0
0,0,0,0,0,0,0,0,0,0,22,1,9,0,1,0,0
0,0,0,0,0,0,0,0,0,1,36,0,4,0,0,0,0
0,0,0,0,0,0,0,1,0,0,36,0,1,0,0,0,0
0,1,0,0,0,0,0,0,0,1,35,0,0,0,0,0,0
1,0,0,0,0,0,1,0,0,0,27,1,9,0,0,0,0
0,0,0,0,0,0,0,0,0,0,24,1,0,0,0,0,0
0,0,0,0,0,0,0,1,0,0,36,1,0,0,0,0,0
0,0,0,0,0,0,0,0,0,0,30,1,0,0,0,0,0
0,0,0,0,0,0,0,0,0,0,36,0,3,0,0,0,0
0,0,0,0,0,0,0,0,0,1,14,0,4,0,0,0,0
1,0,0,0,0,0,0,0,0,0,36,1,0,0,1,0,0
1,0,0,0,0,0,0,0,0,1,12,0,9,0,0,0,0
1,1,0,0,0,0,0,0,0,0,17,1,4,0,0,0,0
0,0,0,0,0,0,0,0,0,1,33,1,0,0,0,0,0
0,1,0,0,0,0,1,0,0,0,35,0,0,0,0,0,0
0,0,0,0,0,0,0,0,0,0,15,0,0,0,0,0,0
0,0,0,0,0,0,1,0,0,1,36,0,0,0,0,0,0
0,0,0,0,0,0,0,1,0,0,36,1,0,0,0,0,0
0,0,0,0,0,1,0,0,0,0,36,0,10,0,0,0,0
0,0,0,0,0,0,0,0,0,0,15,0,4,0,0,0,0
0,0,0,0,0,1,0,0,0,1,30,1,0,0,0,0,0
0,0,0,1,0,0,0,0,0,0,28,0,4,0,0,0,0
0,0,0,0,0,0,0,0,0,0,36,1,4,0,0,0,0
0,0,0,0,0,0,0,0,0,0,12,1,4,0,0,0,0
0,0,0,0,0,0,0,1,0,1,36,0,10,0,0,0,0
0,0,0,0,0,0,0,0,0,0,30,0,10,0,0,0,0
0,0,0,0,0,0,0,0,0,1,12,0,10,0,0,0,0
0,0,0,0,0,0,0,1,0,0,36,1,2,0,0,0,0
1,0,0,0,0,0,0,0,0,0,12,1,10,0,0,0,0
0,0,0,0,0,1,0,0,0,0,33,1,0,0,0,0,0
0,0,0,0,0,0,1,0,0,1,36,1,9,0,0,0,0
0,0,0,0,0,0,0,0,0,1,14,0,4,0,0,1,0
0,0,0,0,0,0,0,0,0,0,24,0,3,0,0,0,0
0,0,0,0,0,0,0,0,0,1,25,0,10,0,0,0,0
1,0,0,0,0,0,0,0,0,0,36,0,1,0,0,0,0
0,0,0,0,0,0,0,0,0,0,26,0,9,0,0,0,0
0,0,0,0,0,0,0,0,0,0,36,1,0,0,0,0,0
0,0,0,0,0,0,1,0,0,0,27,1,10,0,0,0,0
0,0,0,0,0,0,0,0,0,0,28,0,4,0,0,0,0
0,1,0,0,0,0,0,0,0,0,33,0,0,0,0,0,0
1,0,0,0,0,0,0,0,0,0,12,1,10,0,0,0,0
0,0,0,0,0,0,0,0,0,0,24,0,0,0,0,0,0
0,0,0,0,0,0,0,0,0,0,36,1,10,0,0,0,0
1,0,0,0,0,0,0,0,0,0,36,1,0,0,1,0,0
0,0,0,0,0,0,0,0,0,0,18,0,0,0,1,0,0
0,0,0,0,0,0,0,0,0,0,36,0,4,0,0,0,0
0,0,0,0,0,0,1,0,0,1,36,1,0,0,0,0,0
0,0,0,0,0,0,0,0,0,1,31,0,7,0,0,0,0
1,0,0,0,0,1,0,0,0,0,36,1,0,0,0,0,0
0,0,0,0,0,0,0,0,0,0,20,0,10,0,0,0,0
0,0,0,0,0,0,0,0,0,1,32,1,9,0,0,0,0
0,0,0,0,0,0,0,0,0,0,23,1,0,0,0,0,0
0,0,0,0,0,0,0,0,0,0,18,0,4,0,0,0,0
0,0,0,0,0,0,0,0,0,0,31,0,7,0,0,0,0
0,0,0,0,0,0,0,0,0,0,36,1,10,1,0,0,0
0,0,0,0,0,0,0,0,0,0,30,0,10,0,0,0,0
0,0,0,1,0,0,0,0,0,0,24,1,10,0,0,0,0
0,0,0,0,0,0,0,0,0,1,30,1,4,0,0,0,0
0,0,0,1,0,0,0,0,0,0,36,1,0,0,0,0,0
0,0,0,0,0,0,0,0,0,0,36,1,0,0,0,0,0
0,0,0,0,0,0,0,0,0,1,23,0,10,0,1,0,0
0,0,0,0,0,0,0,0,0,1,36,0,10,0,0,0,0
0,0,0,0,0,0,0,0,0,1,15,0,9,0,0,0,0
0,0,0,0,0,0,1,0,0,0,27,1,9,0,0,0,0
0,0,0,0,0,0,1,0,0,1,36,0,0,0,0,0,0
0,0,0,0,0,0,0,0,0,0,36,1,4,0,0,0,0
0,0,0,0,0,0,0,0,0,0,36,1,10,1,0,0,0
0,0,0,0,0,0,0,0,0,1,19,0,4,0,0,0,0
1,0,0,0,0,0,0,0,0,0,36,1,0,0,1,0,0
1,0,0,0,0,1,0,0,0,0,36,1,0,0,0,0,0
0,0,0,0,0,0,0,0,0,1,24,1,10,0,0,0,0
0,0,0,0,0,0,0,0,0,1,20,1,4,0,0,0,0
0,0,0,0,0,0,0,0,0,0,19,0,0,0,0,0,0
0,0,0,0,0,0,0,0,0,0,18,0,4,0,0,0,0
0,0,0,0,0,1,0,0,0,0,33,1,0,0,0,0,0
0,0,0,0,0,0,0,0,0,0,36,1,0,0,0,0,0
0,0,0,0,0,0,0,0,0,0,30,0,9,0,0,0,0
0,0,0,0,0,0,0,0,0,1,24,0,10,0,0,0,0
0,0,0,0,0,0,0,0,0,0,19,0,0,0,0,0,0
0,0,0,0,0,0,0,0,0,0,15,0,0,0,0,0,0
0,0,0,0,0,0,0,0,0,0,36,1,10,0,0,0,0
0,0,0,0,0,0,0,0,0,0,15,0,4,0,0,0,0
0,0,0,0,0,0,0,0,0,0,14,0,10,0,0,0,0
0,0,0,0,0,0,1,0,0,1,28,0,4,1,0,0,0
0,0,0,0,0,0,1,0,0,0,35,0,0,0,0,0,0
1,0,0,0,0,0,0,0,0,0,28,0,4,0,0,0,0
0,0,0,0,0,1,0,0,0,0,25,0,0,0,0,0,0
0,0,0,0,0,0,0,0,0,0,36,1,10,1,0,0,0
0,0,0,0,0,0,0,1,0,0,27,0,9,0,0,0,0
0,0,0,0,0,0,0,0,0,1,12,0,4,1,0,0,0
0,0,0,0,0,0,0,0,0,0,24,0,4,0,0,0,0
0,0,0,0,0,0,0,0,0,1,12,0,9,0,0,0,0
0,0,0,0,1,0,0,0,0,0,33,0,9,1,0,0,0
1,0,0,0,0,0,0,0,0,1,29,0,4,0,0,0,0
0,0,0,0,0,0,0,0,0,0,36,0,4,0,0,0,0
0,0,0,0,0,0,0,0,0,0,12,1,0,0,0,0,0
0,0,0,0,0,0,0,0,0,0,36,0,4,1,0,0,0
0,0,0,0,1,0,0,0,0,1,36,1,9,0,0,0,0
0,0,0,0,0,1,0,0,0,0,36,0,10,0,0,0,0
0,0,0,0,0,1,1,0,0,0,23,1,10,0,0,0,0
1,0,0,0,0,0,0,0,0,0,16,1,10,0,0,0,0
0,0,0,0,0,0,0,1,0,0,23,1,0,1,0,0,0
0,0,0,0,0,0,0,0,0,1,23,0,4,0,0,0,0
0,0,0,0,0,0,0,1,0,1,36,0,10,0,0,0,0
0,0,0,0,0,0,0,0,0,0,34,0,10,0,1,0,0
0,0,0,0,0,0,0,0,0,0,35,1,0,0,0,0,0
0,0,0,0,0,0,0,0,0,0,29,1,10,0,0,0,0
0,0,0,0,0,1,0,1,0,0,12,0,3,0,0,0,0
0,0,0,0,0,0,0,0,0,0,36,0,10,0,0,0,0
0,0,0,0,0,0,0,0,0,1,31,0,7,0,0,0,0
0,0,0,1,0,0,1,0,0,1,35,0,9,0,0,0,0
0,0,0,0,0,0,0,0,0,0,24,0,4,0,0,0,0
0,0,0,0,0,0,0,0,0,0,23,1,0,0,0,0,0
0,0,0,0,0,0,0,0,0,0,35,0,0,0,0,0,0
0,0,1,0,0,0,0,0,0,0,12,0,9,0,0,0,0
0,0,0,0,0,0,0,0,0,0,15,1,0,0,0,0,0
0,0,0,0,0,0,0,0,0,1,36,1,9,0,0,0,0
0,0,0,0,0,0,0,0,0,1,35,1,0,1,0,0,0
1,0,0,0,0,0,0,0,0,1,30,1,4,0,0,0,0
0,0,0,0,0,0,0,0,0,0,36,1,2,0,0,0,0
0,0,0,0,0,0,0,0,0,1,12,0,10,0,0,0,0
0,0,0,0,0,0,1,0,0,0,36,0,0,0,0,0,0
0,0,0,0,0,0,0,0,0,1,35,0,0,1,0,0,0
0,0,0,1,0,0,0,0,0,0,36,1,0,0,0,0,0
0,0,1,0,0,0,0,0,0,0,33,1,0,0,1,0,0
0,0,0,0,0,0,0,0,0,1,30,1,0,0,0,0,0
0,1,0,0,0,0,1,0,0,0,35,0,0,0,0,0,0
1,0,0,0,0,0,0,0,0,0,36,1,0,0,1,0,0
0,0,0,0,0,0,0,0,0,0,30,1,4,0,0,0,0
1,0,0,1,0,0,0,0,0,0,12,1,10,0,0,0,0
0,0,0,0,0,1,1,0,0,0,26,0,4,0,0,0,0
0,0,0,0,0,0,0,0,0,0,35,1,0,0,0,0,0
0,0,1,0,0,1,0,0,0,0,33,1,0,0,1,0,0
0,0,0,0,0,0,0,0,0,0,34,0,0,0,0,0,0
1,0,0,0,0,0,1,0,0,0,36,1,10,0,0,0,0
0,0,0,0,0,0,0,0,0,0,24,1,0,0,0,0,0
0,0,0,0,0,0,1,0,0,1,28,0,4,1,0,0,0
0,0,0,0,0,1,1,0,0,0,21,0,10,0,0,0,0
0,0,0,0,0,0,0,0,0,0,36,1,4,0,0,0,0
0,0,0,0,0,0,0,0,0,0,34,0,9,0,0,0,0
0,0,0,0,0,0,0,0,0,0,36,1,4,0,0,0,0
0,0,0,0,0,0,0,0,0,0,36,0,0,0,0,0,0
0,1,0,0,0,0,0,0,0,0,33,0,0,0,0,0,0
0,0,0,0,0,0,0,0,0,0,36,0,4,0,0,0,0
0,0,0,0,0,0,1,0,0,1,36,0,0,0,0,0,0
0,0,0,0,0,0,0,0,0,1,20,1,4,0,0,0,0
0,0,0,0,0,0,0,0,0,0,28,0,4,0,0,0,0
0,0,0,0,0,0,0,1,0,0,36,1,2,0,0,0,0
0,0,0,0,0,0,0,0,0,0,12,1,4,0,0,0,0
0,0,0,0,0,0,0,0,0,1,12,1,4,0,0,0,0
0,0,0,0,1,0,0,0,0,1,36,1,9,0,0,0,0
0,0,0,0,0,0,0,0,0,1,30,1,4,0,0,0,0
0,0,0,0,0,0,0,0,0,0,15,0,4,0,0,0,0
0,0,0,0,0,1,0,0,0,0,36,0,10,0,0,0,0
0,0,0,0,0,0,0,0,0,0,36,1,0,0,0,0,0
0,0,0,0,1,0,1,0,0,0,36,1,0,1,0,0,0
0,0,0,0,0,0,0,0,0,1,12,1,4,0,0,0,0
0,0,0,0,0,0,0,0,0,0,34,0,9,0,0,0,0
0,0,1,0,0,0,0,0,0,1,19,1,4,0,0,0,0
0,0,0,0,0,0,0,0,0,0,20,1,0,0,0,0,0
0,0,0,0,0,0,0,0,0,0,35,0,0,0,0,0,0
0,0,0,0,0,0,0,0,0,1,14,0,4,0,0,0,0
0,0,0,0,0,0,0,0,0,1,30,0,4,0,0,0,0
0,0,0,0,0,0,0,0,0,0,29,0,10,0,0,0,0
0,0,0,0,0,0,0,0,0,0,36,0,7,0,0,0,0
0,0,1,0,0,0,0,0,0,0,33,1,0,0,1,0,0
0,0,0,1,0,0,0,0,1,0,36,1,0,0,0,0,0
0,0,0,0,0,0,0,0,0,0,24,1,0,0,0,0,0
0,0,0,0,0,0,0,0,0,0,17,0,0,0,0,0,0
0,0,0,0,0,0,1,0,0,1,20,1,4,0,0,0,0
0,0,0,0,0,0,0,0,0,1,36,0,3,0,0,0,0
0,0,0,0,0,0,0,0,0,0,15,0,4,0,0,0,0
0,0,0,0,0,0,1,0,1,0,36,1,9,0,0,0,0
0,0,0,0,0,0,0,1,0,0,36,1,2,0,0,0,0
1,0,0,0,0,0,0,1,0,0,19,1,10,0,0,0,0
0,0,0,0,0,0,0,0,0,0,30,0,3,0,0,0,0
0,0,0,0,0,0,0,0,0,1,25,1,0,0,0,0,0
0,0,0,0,1,0,0,0,0,1,36,1,9,0,0,0,0
0,0,0,0,0,0,0,0,0,0,12,1,9,0,0,0,0
1,0,0,0,0,0,1,0,0,0,27,1,9,0,0,0,0
1,0,1,0,0,0,0,0,0,0,36,1,0,0,1,0,0
0,0,0,0,0,0,0,0,0,0,27,1,10,0,0,0,0
0,0,0,0,0,0,0,0,0,0,16,1,0,0,0,0,0
0,0,0,0,0,0,1,0,0,0,36,0,0,0,0,0,0
0,0,0,0,0,0,0,0,0,0,24,1,10,0,0,0,0
0,0,0,0,0,0,0,0,0,0,34,0,10,0,1,0,0
0,0,0,0,0,0,0,0,0,1,36,0,2,0,0,0,0
0,0,0,0,0,0,0,0,0,0,30,1,4,0,0,0,0
0,0,0,0,0,0,0,0,0,0,24,0,0,0,0,0,0
0,0,0,0,0,0,0,0,0,0,28,1,10,0,0,0,0
0,0,0,0,0,0,0,0,0,1,33,1,0,0,0,0,0
0,0,0,0,0,0,1,0,0,0,30,1,10,0,0,0,0
0,0,0,0,0,0,0,0,0,1,30,1,4,0,0,0,0
1,0,0,0,0,0,0,0,0,0,29,0,4,0,0,0,0
0,0,0,0,0,0,0,0,0,0,25,0,0,0,0,0,0
0,0,0,0,0,0,1,0,1,0,36,1,9,0,0,0,0
0,0,0,0,0,0,0,0,0,0,30,1,8,0,0,0,0
0,0,0,0,0,0,0,0,0,1,36,0,0,0,0,0,0
0,0,0,0,0,0,0,0,0,0,36,0,6,0,0,0,0
0,0,0,0,0,0,0,0,0,0,17,0,0,0,0,0,0
0,0,0,0,0,0,0,0,0,0,36,1,4,0,0,0,0
0,0,0,0,0,0,0,1,0,0,36,1,10,0,0,0,0
0,0,0,0,0,0,0,1,0,0,36,1,2,0,0,0,0
0,0,0,0,0,0,0,0,0,0,35,1,0,0,0,0,0
0,0,0,0,0,0,0,0,0,1,12,0,4,0,0,0,0
0,0,0,0,0,0,0,0,0,0,27,0,0,0,0,0,0
0,0,0,0,0,0,0,0,0,0,24,1,0,0,0,0,0
0,0,0,0,0,0,0,0,0,0,18,1,4,0,0,0,0
0,0,0,0,0,0,0,0,0,0,27,0,0,0,0,0,0
0,0,0,0,0,0,1,0,0,1,36,0,0,0,0,0,0
0,0,0,0,0,0,0,0,0,0,22,0,4,0,0,0,0
0,0,0,0,0,0,0,0,0,1,25,0,10,0,0,0,0
0,0,0,0,0,0,1,0,0,1,36,1,9,0,0,0,0
0,0,0,0,0,0,0,0,0,1,25,1,10,0,0,0,0
0,0,0,0,0,0,0,0,0,0,19,0,0,0,1,0,0
0,0,0,0,0,0,0,0,0,1,14,0,4,0,0,1,0
0,0,0,0,0,0,0,0,0,0,36,0,0,0,0,0,0
1,0,0,0,0,0,0,0,0,0,18,1,10,0,0,0,0
0,0,0,0,0,0,0,0,0,0,23,1,0,0,0,0,0
1,0,0,0,0,0,0,0,0,1,32,1,10,0,0,0,0
0,0,0,0,0,0,0,0,0,0,36,0,7,0,0,0,0
0,0,0,0,0,0,0,0,0,1,12,0,4,0,0,0,0
0,0,0,0,0,0,0,0,0,0,30,1,10,0,0,0,0
0,0,0,0,0,0,0,0,0,0,28,0,4,0,0,0,0
0,0,0,0,0,0,0,0,0,0,15,0,4,1,0,0,0
0,0,0,0,0,1,0,0,0,1,31,1,0,0,0,0,0
0,0,0,0,0,0,0,0,0,0,19,1,0,0,0,0,0
0,0,0,0,0,0,0,0,0,0,24,1,4,0,0,0,0
0,0,0,0,0,0,0,0,0,0,34,0,9,1,0,0,0
0,0,0,0,0,0,0,0,0,1,36,0,10,0,0,0,0
0,1,1,0,0,0,0,0,0,0,34,0,1,0,0,0,0
0,1,0,0,0,0,0,0,0,0,34,0,0,0,0,0,0
0,0,0,0,0,0,0,0,0,1,23,0,4,0,0,0,0
0,0,0,0,0,0,1,0,0,1,35,0,10,0,1,0,0
0,0,0,0,0,0,0,0,0,0,29,1,10,0,0,0,0
0,0,0,0,0,0,0,0,0,0,18,0,4,0,0,0,0
0,0,0,0,0,0,0,0,0,0,30,0,9,0,0,0,0
0,0,0,0,0,0,1,0,0,0,30,0,9,0,0,0,0
0,0,0,0,0,0,1,0,0,1,35,0,10,0,1,0,0
1,0,1,0,0,0,0,0,0,0,36,1,0,0,1,0,0
0,0,0,0,0,0,0,1,0,0,36,1,0,0,0,0,0
0,0,0,0,0,0,0,0,0,0,24,1,10,0,0,0,0
0,0,0,0,0,0,1,0,0,0,25,0,0,0,0,0,0
0,0,0,0,0,0,0,0,0,0,17,1,4,0,0,0,0
0,0,0,0,0,0,0,0,0,1,30,1,4,0,0,0,0
0,0,0,0,0,0,1,0,0,0,36,0,0,0,0,0,0
0,0,0,0,0,0,0,0,0,0,30,0,9,0,0,0,0
1,0,0,0,0,0,0,0,0,0,18,1,10,0,0,0,0
0,1,0,0,0,0,0,0,0,0,30,1,4,0,0,0,0
0,0,0,0,0,0,0,0,0,1,19,1,9,0,0,0,0
0,0,0,0,0,0,0,0,0,0,33,0,9,1,0,0,0
0,0,0,0,0,0,0,0,0,0,28,0,1,0,0,0,0
0,0,0,0,0,0,0,0,0,0,36,0,0,0,0,0,0
0,0,0,0,0,0,0,0,0,0,36,0,10,0,0,0,0
0,0,0,1,0,0,0,0,0,0,36,1,0,0,0,0,0
0,0,0,0,0,0,0,0,0,0,26,0,10,1,0,0,0
0,0,0,0,0,0,0,0,0,0,30,1,0,0,0,0,0
0,0,0,0,0,0,0,0,0,0,28,0,4,0,0,0,0
0,0,0,0,0,0,0,0,0,1,22,0,10,1,0,0,0
0,0,0,0,0,0,1,0,0,1,36,1,9,0,0,0,0
0,0,0,0,0,0,0,0,0,0,31,0,4,1,0,0,0
1,0,0,0,0,0,0,0,0,0,36,1,0,0,1,0,0
0,0,0,0,0,0,0,0,0,0,18,1,4,0,0,0,0
0,0,0,0,0,0,0,0,0,0,19,0,4,0,0,0,0
0,0,0,0,0,0,0,0,0,0,24,1,0,0,0,0,0
0,0,0,0,0,0,0,0,0,0,15,0,4,0,0,0,0
0,0,0,0,0,0,0,0,0,0,36,1,10,0,0,0,0
0,0,0,0,0,0,0,0,0,1,23,1,10,1,0,0,0
1,0,0,0,0,1,0,0,0,0,36,1,0,0,1,0,0
0,0,0,0,0,0,0,0,0,0,12,0,4,0,0,0,0
0,0,0,0,0,0,0,0,0,0,31,0,4,1,0,0,0
0,0,0,0,1,0,0,0,0,1,36,1,9,0,0,0,0
0,0,0,0,0,0,1,0,0,0,36,0,0,0,0,0,0
0,0,0,0,0,0,0,0,0,1,12,0,9,0,0,0,0
0,0,0,0,0,0,1,0,0,0,25,0,0,0,0,0,0
0,0,0,0,0,0,0,0,0,1,15,0,4,0,0,0,0
0,0,0,0,0,0,0,0,0,0,36,1,10,0,0,0,0
0,0,0,0,0,0,1,0,0,1,36,1,9,0,0,0,0
0,0,0,0,0,0,0,0,0,0,36,0,10,0,0,0,0
0,0,0,0,0,0,0,0,0,1,30,1,4,0,0,0,0
0,0,0,0,0,0,0,0,0,0,30,0,3,0,0,0,0
0,0,0,0,0,0,1,0,0,0,30,0,9,0,0,0,0
0,0,0,0,0,0,0,0,0,1,34,1,0,0,0,0,0
0,0,0,0,0,0,0,0,0,0,36,0,5,0,0,0,0
1,0,0,0,0,0,0,0,0,0,36,1,0,0,1,0,0
1,0,0,0,0,0,0,0,0,1,30,0,4,0,0,0,0
0,0,0,0,0,0,1,0,0,0,24,0,4,0,0,0,0
0,0,0,0,0,0,0,0,0,0,22,0,4,0,0,0,0
0,0,0,0,0,0,0,0,0,1,18,0,4,0,0,0,0
0,0,0,0,0,0,0,0,0,1,33,1,0,0,0,0,0
0,0,0,0,0,1,0,0,0,1,32,1,0,0,0,0,0
0,0,0,0,0,0,0,0,0,0,25,0,4,0,0,0,0
0,0,0,0,0,0,0,0,0,0,24,0,4,0,0,0,0
